mp-571420,-39.72035485
mp-21248,-107.7718104
mp-7090,-17.15758153
mp-12480,-86.16644054
mp-9272,-59.13420732
mp-20714,-33.54744503
mp-31138,-51.23476677
mp-11549,-20.2828295
mp-1069,-44.99084218
mp-10125,-26.75310633
mp-867319,-26.60845843
mp-28945,-34.47217722
mp-9251,-53.04665549
mp-10846,-59.22137632
mp-10003,-110.1100232
mp-19247,-98.02287774
mp-31348,-33.0782088
mp-5699,-29.88834667
mp-19094,-46.69315301
mp-2410,-16.96790865
mp-313,-25.48704506
mp-7226,-67.31355729
mp-4901,-47.82447412
mp-865733,-76.88018448
mp-248,-76.0961335
mp-568695,-25.30893512
mp-1755,-46.68952066
mp-5597,-33.99166579
mp-20192,-105.5113827
mp-755554,-61.71238314
mp-754741,-113.0312585
mp-30244,-38.78215862
mp-5479,-32.35104919
mp-30593,-15.72703468
mp-45,-1.99848304
mp-759286,-28.22867402
mp-27932,-80.30651482
mp-21236,-66.57572923
mp-49,-22.4546689
mp-11883,-80.74671317
mp-850978,-85.35618137
mp-862334,-33.03629773
mp-761563,-89.26934089
mp-10911,-74.17168362
mp-10721,-107.7947849
mp-18300,-111.976159
mp-22899,-5.82549309
mp-625,-96.26424303
mp-756134,-47.73254586
mp-7955,-24.74276954
mp-554089,-94.96405076
mp-2701,-40.98551209
mp-20465,-61.86797623
mp-10521,-25.08793834
mp-9569,-18.85545942
mp-3158,-16.72709868
mp-149,-10.84678131
mp-34328,-29.36872623
mp-4152,-33.43818007
mp-7436,-20.24379786
mp-18751,-94.33578923
mp-1851,-63.96542207
mp-25275,-85.33850194
mp-754594,-46.1980463
mp-864969,-18.30701594
mp-1001833,-6.56332604
mp-28020,-44.48807865
mp-7431,-14.87539664
mp-12903,-38.59511972
mp-328,-47.68056985
mp-530399,-406.6969932
mp-19384,-105.1017128
mp-20857,-58.3674595
mp-2552,-42.424747
mp-568598,-16.18719031
mp-1057,-25.86239974
mp-127,-1.30972608
mp-10181,-20.92357349
mp-1123,-4.69514689
mp-865985,-17.53687292
mp-30594,-87.68464703
mp-30247,-26.95518461
mp-15963,-83.62396794
mp-10182,-10.23935168
mp-352,-122.1541767
mp-79,-2.51892121
mp-580287,-29.61058574
mp-550908,-86.8599543
mp-30767,-49.49268018
mp-2794,-120.7861102
mp-2089,-41.68835637
mp-362,-27.46639639
mp-30777,-22.12497933
mp-22151,-61.19925751
mp-2932,-146.4711282
mp-569558,-44.97299106
mp-754157,-65.33175648
mp-22493,-18.58501454
mp-18814,-79.14560827
mp-753658,-42.75669806
mp-7352,-49.60994338
mp-5288,-37.64165294
mp-11959,-40.01204814
mp-4081,-42.25558804
mp-1401,-23.88023552
mp-7070,-42.21988589
mp-674490,-76.78655062
mp-932,-17.41934768
mp-12778,-20.7770793
mp-1121,-10.70011139
mp-23737,-14.13845374
mp-32,-9.23502326
mp-24719,-9.24341394
mp-23406,-30.23187556
mp-7400,-20.51844131
mp-31059,-20.61790404
mp-9574,-19.38301192
mp-15819,-140.3467663
mp-11237,-9.73905154
mp-30451,-22.46293006
mp-568961,-61.99312619
mp-481,-28.70570679
mp-19326,-85.68024705
mp-9945,-27.91051172
mp-13240,-27.04178079
mp-865212,-75.73956045
mp-976017,-11.5193007
mp-2172,-9.3732972
mp-864957,-32.35687997
mp-674478,-74.19433126
mp-1873,-23.93531616
mp-20983,-63.03566861
mp-813,-30.56857388
mp-1682,-61.96550595
mp-1073,-3.63669309
mp-8697,-85.95889935
mp-555370,-52.58819485
mp-13334,-55.49860878
mp-755584,-115.4604455
mp-1914,-14.51396369
mp-570553,-127.9284997
mp-7917,-41.75312379
mp-103,-19.91436954
mp-12549,-51.5222501
mp-752398,-22.19084338
mp-770997,-45.51370977
mp-2567,-69.05773321
mp-1969,-38.3380868
mp-545974,-89.72707106
mp-559122,-120.1597951
mp-541404,-93.02460643
mp-7038,-51.11644819
mp-22309,-59.72350121
mp-753508,-48.80857716
mp-562,-63.06359741
mp-989512,-32.55521788
mp-1124,-18.03397195
mp-20800,-59.4113625
mp-2674,-43.72213601
mp-8983,-65.27031228
mp-20033,-26.66785781
mp-1606,-17.00077157
mp-2534,-8.38680317
mp-2049,-61.3094724
mp-1380,-27.3194254
mp-3163,-31.64811022
mp-30533,-59.4140803
mp-30672,-56.00010115
mp-2700,-13.99433662
mp-30818,-16.44761986
mp-560588,-14.0257524
mp-22346,-24.70812276
mp-541753,-34.56508112
mp-27838,-18.66979251
mp-34202,-18.38049596
mp-2760,-112.7417247
mp-690658,-62.30637658
mp-30441,-87.53082193
mp-2444,-11.7520394
mp-9946,-42.09695368
mp-1477,-110.8022657
mp-33107,-17.72650032
mp-10271,-31.89986858
mp-21464,-108.2243447
mp-2783,-61.62053009
mp-5590,-37.92003691
mp-3759,-62.97096129
mp-28901,-38.89716489
mp-1395,-18.82570789
mp-30147,-48.10582633
mp-18848,-68.86072232
mp-10394,-42.824045
mp-1941,-9.53588588
mp-757163,-41.55002045
mp-818,-57.68545556
mp-2025,-30.03046004
mp-889,-58.89701889
mp-19292,-109.9733833
mp-2385,-62.99868997
mp-571039,-52.56252798
mp-2354,-48.80119876
mp-938,-7.95077254
mp-771648,-50.31333018
mp-755095,-44.64939872
mp-7339,-148.14805
mp-9973,-34.91460675
mp-1346,-99.94837775
mp-101,-8.83843042
mp-9564,-19.23486893
mp-11293,-18.25927818
mp-11550,-86.66329886
mp-8830,-23.06460628
mp-21078,-60.82912177
mp-754478,-58.81166117
mp-32880,-6.23497959
mp-570097,-25.96207203
mp-4798,-95.35581035
mp-567981,-27.37263009
mp-569446,-18.6359384
mp-27545,-76.16989413
mp-2,-5.17648694
mp-604908,-22.27160039
mp-1029,-17.30985693
mp-5986,-40.04249803
mp-9556,-19.36724566
mp-7937,-49.05280922
mp-756640,-62.5725548
mp-28339,-67.59509908
mp-774411,-29.98288789
mp-22914,-6.70407879
mp-2696,-4.93397084
mp-615,-8.28803227
mp-20849,-20.45046105
mp-865665,-42.16137397
mp-3721,-86.92802859
mp-865989,-29.15524174
mp-11798,-30.37318054
mp-10264,-18.60977163
mp-23709,-36.43491998
mp-19340,-55.57975023
mp-29733,-11.77906211
mp-1315,-8.58850635
mp-755704,-85.22233389
mp-552588,-78.25116022
mp-21003,-183.7207784
mp-9953,-71.8308797
mp-20862,-29.97372835
mp-1652,-7.586809
mp-1138,-9.69029102
mp-30867,-16.69301363
mp-12927,-61.78413187
mp-30449,-9.82389064
mp-871,-59.67319189
mp-8221,-75.14451364
mp-30849,-52.48092567
mp-30671,-40.05419981
mp-615314,-66.37352503
mp-570377,-30.89763232
mp-570256,-14.15000905
mp-2578,-12.73811602
mp-12359,-13.33504888
mp-647,-32.08134983
mp-758095,-106.6979898
mp-754672,-107.304351
mp-15322,-53.58933353
mp-849295,-146.0593821
mp-505071,-249.7632981
mp-21503,-36.1724164
mp-753657,-23.9959414
mp-669918,-29.47690431
mp-758501,-45.47137152
mp-11358,-34.09609962
mp-616378,-28.4020978
mp-2250,-42.68785778
mp-1925,-15.36697219
mp-15964,-141.9384041
mp-505527,-273.1746295
mp-12666,-50.89787509
mp-759543,-73.01676637
mp-22284,-51.23081157
mp-754337,-68.63930973
mp-21318,-27.8461392
mp-2252,-22.20776733
mp-18707,-79.25559526
mp-864631,-28.50782453
mp-1989,-161.0144355
mp-1903,-18.10716868
mp-761341,-200.3500108
mp-4002,-54.19226267
mp-636328,-25.99831478
mp-556911,-33.77889999
mp-12806,-22.83503598
mp-542915,-20.72238103
mp-1867,-60.40198748
mp-2469,-6.32108398
mp-22662,-38.87121207
mp-3161,-11.72460587
mp-11522,-22.08890294
mp-20007,-81.37109309
mp-9951,-74.14228375
mp-19435,-79.48044936
mp-9381,-70.80241054
mp-84,-7.94810784
mp-933,-14.2223729
mp-13,-8.46929704
mp-23956,-19.10883366
mp-7748,-25.06566204
mp-774945,-91.44928015
mp-274,-69.78755401
mp-1294,-42.28729758
mp-30437,-54.45403343
mp-12802,-33.60190523
mp-626495,-96.43172595
mp-1595,-62.69408534
mp-20648,-115.2366789
mp-10847,-57.18775832
mp-568419,-90.09199023
mp-569803,-109.2627862
mp-11388,-12.664366
mp-3886,-65.28691343
mp-22787,-47.01246561
mp-1174,-8.00970685
mp-8439,-104.6252321
mp-865840,-38.37649098
mp-10892,-39.58715255
mp-67,-12.66493821
mp-7438,-15.39947916
mp-757100,-20.13246238
mp-15805,-38.10191573
mp-361,-28.78570065
mp-772856,-15.8728418
mp-22268,-106.4058244
mp-22344,-115.9848354
mp-30885,-14.53925147
mp-7376,-24.08525142
mp-131,-17.09540126
mp-11826,-30.1079556
mp-553432,-80.32485084
mp-7575,-12.33664672
mp-2323,-8.03910815
mp-3668,-33.4804325
mp-20249,-92.08279955
mp-12557,-25.72957237
mp-567871,-142.83346
mp-4385,-63.49727905
mp-19906,-67.78464893
mp-5795,-25.67515384
mp-553961,-108.550321
mp-485,-55.44168268
mp-2606,-29.85290916
mp-10616,-11.3271629
mp-8456,-30.90670711
mp-458,-90.18213044
mp-569662,-41.27372159
mp-555934,-38.56544472
mp-1557,-58.40188543
mp-592,-18.69514571
mp-27164,-191.8709037
mp-30481,-35.44116347
mp-5193,-126.0655888
mp-10895,-32.42395803
mp-38394,-28.215754
mp-567705,-66.6975656
mp-7591,-9.15509378
mp-13270,-17.11168055
mp-19968,-25.67075031
mp-19210,-96.74077312
mp-30383,-24.50056778
mp-510623,-137.6568198
mp-31455,-23.19038339
mp-5676,-18.62734285
mp-20868,-119.3821101
mp-570673,-36.93345427
mp-2667,-4.7821053
mp-934,-4.73074533
mp-18919,-22.41858875
mp-21008,-23.12123054
mp-11750,-70.80682959
mp-23262,-115.0863508
mp-10969,-26.42651311
mp-17481,-234.4169551
mp-2895,-192.8871411
mp-774,-31.57096022
mp-616559,-278.2664879
mp-755318,-59.75224801
mp-867689,-24.26708823
mp-571262,-35.93479448
mp-25424,-21.39215138
mp-30443,-387.8085217
mp-24286,-16.9843743
mp-758594,-80.12434085
mp-30883,-43.0516961
mp-756478,-120.0952069
mp-11573,-19.24925598
mp-448,-15.23108084
mp-20268,-79.3173626
mp-1521,-123.1521414
mp-8578,-34.31276123
mp-12108,-22.85643527
mp-1331,-9.30762622
mp-4368,-56.22419468
mp-10455,-41.98740134
mp-549158,-42.62179187
mp-23193,-6.86139194
mp-795,-61.83509151
mp-22003,-26.73532657
mp-756398,-86.39717539
mp-6812,-187.1735922
mp-752463,-56.16426816
mp-574,-63.13742142
mp-19713,-45.86165953
mp-11454,-26.67440787
mp-768499,-57.23128297
mp-9956,-65.94314
mp-755378,-19.73878364
mp-757975,-96.14162356
mp-760339,-38.22961938
mp-675,-69.78447811
mp-571,-14.369933
mp-23054,-51.83154832
mp-1008632,-28.75605394
mp-10601,-34.04711395
mp-31498,-18.97606449
mp-7603,-104.3895741
mp-3771,-78.24705655
mp-567769,-27.19644381
mp-14793,-34.31316233
mp-569815,-174.0497282
mp-29898,-64.84185596
mp-850251,-253.3774178
mp-3938,-43.42532326
mp-30591,-13.24557038
mp-3676,-22.66977257
mp-20987,-54.21953085
mp-31502,-27.29112667
mp-30354,-18.65269387
mp-20443,-126.9798944
mp-779689,-79.02618732
mp-7604,-36.37424291
mp-20083,-71.34141144
mp-833,-28.89530865
mp-1221,-66.42968935
mp-22474,-156.4222632
mp-17659,-146.9583768
mp-8566,-11.30131807
mp-952,-24.05695947
mp-2572,-20.52155117
mp-4612,-28.78416421
mp-27456,-47.46804001
mp-20695,-29.36324948
mp-893,-63.35876587
mp-19019,-76.70566138
mp-19983,-33.33970156
mp-8880,-20.73836861
mp-755325,-32.04238181
mp-510219,-35.47101326
mp-648,-9.97237211
mp-30404,-13.3532018
mp-12657,-75.08919377
mp-542569,-14.36543483
mp-760343,-170.712276
mp-19082,-85.89082121
mp-756436,-26.29347348
mp-19308,-47.93801947
mp-568636,-220.0723586
mp-30835,-23.60534897
mp-4978,-65.10770844
mp-2723,-42.28606943
mp-2371,-23.45019209
mp-20027,-41.81379362
mp-7786,-24.71327909
mp-7939,-44.85147367
mp-7692,-38.73923384
mp-142,-12.11235968
mp-11411,-21.12989817
mp-7088,-34.73531553
mp-30312,-61.62104338
mp-867650,-198.6478389
mp-5986,-40.04249803
mp-865191,-31.50067097
mp-568495,-105.7506573
mp-569511,-59.51488884
mp-2352,-11.22104788
mp-559676,-17.98402411
mp-20112,-44.18159667
mp-755045,-67.42039289
mp-11452,-22.58325693
mp-8126,-36.06607053
mp-27888,-104.9803224
mp-760376,-35.12204574
mp-30656,-55.05473649
mp-753890,-14.94958806
mp-930,-16.61803452
mp-568671,-132.7207372
mp-30477,-28.81856816
mp-23,-5.7798218
mp-1822,-57.57206343
mp-1769,-20.38398656
mp-13946,-52.15625006
mp-20997,-8.6959024
mp-259,-74.49671068
mp-20557,-80.48545101
mp-31160,-17.65059949
mp-972220,-58.92333537
mp-7704,-21.84505072
mp-784630,-22.63554954
mp-27660,-41.40524989
mp-9970,-25.01328274
mp-1868,-60.03602866
mp-16304,-22.00469235
mp-1780,-15.75778222
mp-2070,-65.50063015
mp-213,-8.5347781
mp-3522,-10.5513772
mp-568293,-105.8936407
mp-2802,-20.8539019
mp-372,-29.03530836
mp-7002,-28.89261929
mp-9223,-67.83601707
mp-672645,-94.38373509
mp-10635,-8.11438571
mp-27747,-35.915607
mp-540828,-64.75354832
mp-20327,-84.70079041
mp-30208,-49.74109119
mp-3323,-41.05588974
mp-756516,-105.4282401
mp-16526,-73.79345629
mp-862336,-30.68387307
mp-11407,-22.96512563
mp-4628,-41.39518878
mp-2767,-11.86685148
mp-15642,-39.5790823
mp-753605,-49.19060585
mp-8640,-9.88409923
mp-27335,-21.55949264
mp-30536,-63.13192597
mp-862631,-14.98738985
mp-30726,-17.65356852
mp-3896,-80.64839257
mp-13463,-26.12306335
mp-8800,-45.47013214
mp-16495,-30.9955027
mp-21297,-57.51864963
mp-999133,-35.52660991
mp-8881,-18.72224169
mp-20971,-23.73027968
mp-36862,-43.19834724
mp-12265,-59.80612368
mp-11228,-22.09747451
mp-559092,-27.86680857
mp-540839,-57.4869899
mp-9244,-37.88425019
mp-11233,-26.4360577
mp-2369,-41.01233581
mp-30151,-43.6565496
mp-9027,-79.68229532
mp-11445,-38.16078269
mp-22909,-16.79887493
mp-11322,-31.67534594
mp-10598,-16.31080228
mp-2604,-38.48533835
mp-5186,-72.02874008
mp-1042,-68.07426864
mp-30727,-8.78468097
mp-11190,-64.16008407
mp-2691,-5.658016
mp-11453,-116.1169364
mp-30852,-60.37475542
mp-3595,-33.58097803
mp-1483,-57.42174611
mp-571458,-13.98676939
mp-8188,-28.35808745
mp-29066,-377.891368
mp-22444,-127.5107471
mp-755071,-37.36561045
mp-4720,-56.52106186
mp-753848,-69.55267454
mp-8039,-23.57279086
mp-1008929,-16.29119542
mp-196,-144.6833909
mp-22682,-12.9749298
mp-31011,-72.06235864
mp-7790,-56.07183695
mp-9473,-28.17358026
mp-1994,-26.36960314
mp-9573,-21.78061535
mp-9437,-23.71454015
mp-776094,-60.94606483
mp-644481,-17.07440958
mp-763353,-72.65034068
mp-19376,-171.0552602
mp-556125,-163.3023633
mp-2157,-69.18097363
mp-2053,-71.08516767
mp-8062,-15.059141
mp-1113,-66.76245649
mp-21495,-100.3717928
mp-570557,-190.1880382
mp-689940,-157.0812923
mp-31301,-60.05506913
mp-19035,-31.63242596
mp-769365,-59.28650765
mp-865014,-15.20747256
mp-568,-34.65295145
mp-977382,-43.18367282
mp-2653,-34.77645492
mp-30840,-68.70782613
mp-674948,-102.165304
mp-31452,-19.14102678
mp-20146,-71.01475273
mp-569346,-11.8241239
mp-3731,-78.58139836
mp-1649,-30.43127823
mp-6962,-25.36932081
mp-12678,-123.4099061
mp-754656,-53.12868005
mp-569788,-25.62212447
mp-680677,-125.8815251
mp-2580,-36.63876037
mp-18972,-48.52975134
mp-5777,-40.05616901
mp-11738,-73.09892645
mp-19284,-35.22225298
mp-1565,-28.30375563
mp-11547,-48.02714833
mp-936,-7.73560913
mp-10904,-47.59722495
mp-978279,-8.92877393
mp-568914,-38.40547963
mp-11718,-8.17908999
mp-20335,-108.1330528
mp-13853,-110.700422
mp-22735,-39.85031646
mp-894,-8.46144421
mp-18257,-170.9177085
mp-1885,-14.50196539
mp-754654,-114.6372521
mp-406,-4.97693231
mp-2762,-53.15596358
mp-1871,-50.97567484
mp-2343,-7.7426635
mp-9958,-65.75679181
mp-28319,-38.43404845
mp-16481,-32.81510522
mp-771,-13.45216261
mp-17177,-287.6443087
mp-697111,-59.56501858
mp-571053,-62.00682951
mp-12071,-60.67270829
mp-22027,-14.31808502
mp-23752,-18.39693564
mp-997182,-36.87609949
mp-1046,-74.15110062
mp-867306,-15.42344058
mp-21124,-43.33563618
mp-23202,-10.41678966
mp-4079,-34.93516323
mp-2930,-38.13194235
mp-752941,-72.7114535
mp-5962,-18.9696126
mp-846,-66.56064735
mp-203,-18.59963769
mp-13202,-32.84010821
mp-3813,-42.12322961
mp-867266,-9.44575875
mp-27891,-53.2592906
mp-2128,-44.80464811
mp-12699,-49.08114851
mp-19178,-41.76548241
mp-656887,-68.17700909
mp-555280,-41.9714015
mp-8630,-74.21425261
mp-10180,-15.77439411
mp-971669,-83.79626113
mp-766,-39.56802585
mp-15641,-39.73533671
mp-11364,-12.10027915
mp-867351,-41.42936174
mp-1387,-63.0685394
mp-580886,-44.87954393
mp-19821,-66.91872534
mp-22414,-102.227242
mp-13869,-472.5438813
mp-8426,-9.00646581
mp-5967,-21.11632204
mp-998147,-15.48223946
mp-19306,-94.40461575
mp-8053,-27.92347096
mp-997034,-45.01592385
mp-569568,-122.3720134
mp-776532,-60.92807104
mp-8624,-70.5233591
mp-16886,-40.65667804
mp-1915,-49.083794
mp-11507,-34.38049021
mp-24289,-8.69843495
mp-557686,-54.05935455
mp-13089,-22.46291512
mp-7192,-38.27666865
mp-21359,-79.75201796
mp-29748,-43.23203612
mp-570001,-64.62876939
mp-29362,-39.90930559
mp-2542,-28.41216655
mp-590,-22.01986133
mp-10445,-58.36130271
mp-16775,-36.27615193
mp-4252,-94.16166574
mp-7910,-23.0377619
mp-16043,-70.18575296
mp-856,-37.70759223
mp-7422,-23.81398266
mp-712,-11.05553214
mp-11501,-26.94881256
mp-7068,-26.21114462
mp-1638,-19.88662861
mp-22179,-43.60648794
mp-865527,-38.90930373
mp-2583,-16.74254414
mp-755,-63.58372244
mp-12951,-33.2887287
mp-17856,-177.2350077
mp-5221,-30.26114619
mp-754516,-29.80868092
mp-866132,-10.39821105
mp-540284,-37.5859439
mp-22592,-151.0706721
mp-2123,-37.58911848
mp-4478,-65.65008998
mp-14099,-18.44995289
mp-540957,-21.46284516
mp-697096,-24.81087713
mp-10883,-28.60535878
mp-910,-20.24633413
mp-585,-23.39250355
mp-11276,-12.31935258
mp-2998,-39.98479531
mp-999027,-28.06863105
mp-672254,-38.29729104
mp-556605,-113.7835905
mp-12648,-83.13460514
mp-21167,-55.21660083
mp-30572,-48.27361124
mp-4259,-27.62226286
mp-7433,-21.38586527
mp-20832,-21.95978895
mp-7421,-16.91421589
mp-989399,-38.96154003
mp-568346,-50.10843303
mp-1431,-61.8485779
mp-1169,-10.99326633
mp-2588,-84.47819194
mp-865520,-20.66712263
mp-30858,-30.78152273
mp-754589,-86.52558558
mp-2752,-67.68054282
mp-861979,-63.82786249
mp-981,-17.28612674
mp-754764,-72.02305032
mp-13203,-32.1274327
mp-7032,-87.36279935
mp-13097,-16.98147321
mp-21845,-24.44255434
mp-27471,-44.08863787
mp-21276,-8.91509284
mp-15965,-144.036316
mp-662,-19.50000688
mp-4076,-20.87935147
mp-643367,-41.1436322
mp-950995,-105.9341682
mp-6919,-31.38236755
mp-567907,-120.6087134
mp-20622,-93.56786343
mp-2562,-25.55827713
mp-568746,-27.3578742
mp-29157,-71.23606781
mp-4822,-32.42912758
mp-6988,-17.06422679
mp-14092,-28.60538919
mp-676586,-42.84154744
mp-597,-129.7973883
mp-864951,-72.81500864
mp-37906,-13.75954072
mp-5077,-11.57206728
mp-568718,-45.55017249
mp-30746,-16.8594147
mp-20255,-76.17274114
mp-22895,-5.91684157
mp-4826,-23.13419932
mp-14116,-23.83023901
mp-23260,-41.44419253
mp-570430,-106.8555855
mp-249,-28.9824583
mp-626680,-113.3079348
mp-1373,-71.98443657
mp-8911,-22.7695242
mp-754358,-59.80205811
mp-29398,-32.2228491
mp-12520,-39.0980872
mp-10266,-35.83646576
mp-11541,-20.81547654
mp-2348,-21.61773371
mp-850,-38.91101578
mp-8864,-73.32766648
mp-22167,-68.13779422
mp-4883,-33.7431906
mp-569249,-77.87811057
mp-6963,-24.45333554
mp-4678,-66.9723485
mp-216,-362.3313902
mp-292,-67.43317546
mp-12814,-44.59853707
mp-866165,-25.53480152
mp-754322,-39.82780459
mp-423,-49.79757557
mp-3871,-63.83621509
mp-25372,-20.06042592
mp-10469,-95.96887933
mp-754274,-137.6373174
mp-4893,-72.46954715
mp-13572,-56.91382415
mp-15659,-56.54874656
mp-9778,-23.6812233
mp-1866,-13.64577415
mp-8996,-68.92604631
mp-1299,-19.70825298
mp-2399,-7.80271002
mp-2379,-19.3651998
mp-5292,-27.64191188
mp-11,-9.31701612
mp-16718,-69.4788758
mp-11958,-35.73975616
mp-571193,-260.9203608
mp-381,-15.97845297
mp-1986,-9.08746106
mp-796,-69.48918494
mp-622209,-74.54608122
mp-758560,-36.51896078
mp-30725,-8.27041045
mp-23485,-14.16123608
mp-753708,-95.17183042
mp-1412,-58.66290651
mp-8842,-59.87332854
mp-3574,-21.6283775
mp-2918,-59.96070365
mp-11737,-108.3574489
mp-23002,-41.7470727
mp-11977,-20.92588595
mp-730,-75.78619353
mp-7938,-48.27292813
mp-569603,-233.4598326
mp-1086,-22.23642658
mp-2432,-22.09762051
mp-644280,-21.17168258
mp-2083,-17.75880801
mp-5014,-45.537263
mp-9954,-66.44556859
mp-1339,-39.03251006
mp-829,-10.67633108
mp-753704,-68.68487466
mp-21336,-113.0410526
mp-7589,-41.20804243
mp-193,-21.59175832
mp-775935,-84.74990217
mp-38818,-51.95338113
mp-22792,-18.11446276
mp-10470,-101.9378956
mp-9716,-84.72010948
mp-12961,-54.09786753
mp-949,-13.35086516
mp-501,-85.00536097
mp-3378,-173.977299
mp-865604,-11.2742236
mp-22913,-6.23646918
mp-753490,-35.28191348
mp-754628,-121.011434
mp-11957,-42.34075156
mp-9939,-52.9804168
mp-12564,-10.26662983
mp-4938,-44.29196675
mp-567462,-134.4115294
mp-16960,-147.5604805
mp-30603,-29.74245217
mp-12779,-9.94179633
mp-570930,-36.80301723
mp-593,-218.3214026
mp-12759,-21.03176648
mp-30719,-16.35743173
mp-16514,-44.664512
mp-1017,-72.13679061
mp-568565,-29.33510661
mp-754508,-61.33921394
mp-756849,-30.81578446
mp-1132,-7.91327389
mp-11521,-13.12690185
mp-19814,-31.73095761
mp-505825,-26.61044048
mp-8110,-77.59912453
mp-1253,-9.51004985
mp-2286,-11.09513201
mp-16522,-14.52216155
mp-862679,-117.16088
mp-20935,-70.75846492
mp-27757,-43.43838162
mp-3034,-27.83164661
mp-486,-35.37764017
mp-11287,-3.95372561
mp-731,-11.11137884
mp-7909,-24.23649015
mp-1502,-16.2441613
mp-3698,-12.05737377
mp-28110,-24.1988987
mp-761293,-161.3007655
mp-2676,-39.80655197
mp-3038,-26.60740321
mp-5918,-69.994801
mp-22508,-116.4320824
mp-19421,-87.82779247
mp-1695,-167.5861211
mp-976280,-13.36712499
mp-22498,-33.97732091
mp-4247,-15.24395999
mp-30850,-65.8151527
mp-27505,-66.87573391
mp-11490,-10.18232098
mp-7429,-15.01622766
mp-7000,-71.15107746
mp-754515,-19.48875028
mp-2349,-20.81460513
mp-19765,-20.43933166
mp-975292,-31.17153326
mp-8016,-34.67734929
mp-569779,-18.76830467
mp-1129,-17.28783517
mp-1869,-61.29636569
mp-29152,-66.70229312
mp-774736,-49.41235459
mp-5025,-71.61659392
mp-2795,-19.38443403
mp-11456,-130.1137034
mp-13364,-21.39208511
mp-31081,-77.29740889
mp-7829,-78.92284804
mp-753200,-83.88366878
mp-31379,-46.32342079
mp-3349,-92.60214252
mp-5659,-105.024183
mp-1575,-40.8348028
mp-11873,-35.40470869
mp-4997,-41.43190404
mp-3854,-38.80935197
mp-5305,-53.63824978
mp-30234,-38.49362955
mp-510753,-13.80308764
mp-32662,-180.1642366
mp-12972,-72.11346127
mp-569265,-26.33931706
mp-756525,-78.24741174
mp-7577,-55.06142219
mp-24409,-42.05205598
mp-21017,-35.19090625
mp-980200,-24.85098531
mp-2643,-40.96305109
mp-21023,-101.6836985
mp-23227,-12.3107366
mp-29209,-15.92020974
mp-11984,-34.44251869
mp-569522,-195.7278076
mp-16828,-331.1802165
mp-927,-61.04931576
mp-754213,-53.07532511
mp-35143,-63.31225909
mp-19746,-51.2028641
mp-20661,-62.00961095
mp-759858,-38.01947928
mp-3803,-165.686633
mp-866115,-22.61820738
mp-8256,-32.30563314
mp-753257,-50.16071844
mp-22489,-85.20224814
mp-5019,-44.05656814
mp-1357,-103.6592256
mp-643260,-23.11403698
mp-31153,-61.6821987
mp-1882,-23.23329411
mp-95,-1.67643704
mp-568186,-103.8220222
mp-5878,-20.80851377
mp-492,-19.66288654
mp-559798,-26.19198138
mp-778,-71.18034274
mp-2403,-28.55580988
mp-769096,-193.8248134
mp-10924,-72.88818896
mp-9969,-26.86210168
mp-7863,-34.80606374
mp-1002206,-13.57591437
mp-22967,-24.99143502
mp-2781,-13.32789243
mp-7565,-54.74421887
mp-13082,-32.33479883
mp-3441,-37.66274571
mp-543001,-128.2219862
mp-9061,-21.22282322
mp-21328,-58.04339766
mp-1501,-97.70902814
mp-1594,-34.01517807
mp-28645,-36.2900855
mp-11470,-6.85187539
mp-11038,-69.96853434
mp-7914,-28.95914787
mp-865147,-21.83703169
mp-22862,-6.77624761
mp-5693,-23.02997281
mp-30764,-30.68350844
mp-1222,-64.74464336
mp-935811,-38.21162742
mp-4989,-62.22274011
mp-2733,-66.19477555
mp-7940,-44.27827597
mp-8883,-16.72526366
mp-28896,-80.72365272
mp-5020,-40.05853491
mp-265,-41.17541312
mp-27148,-124.227926
mp-16740,-59.26148794
mp-949028,-183.0777024
mp-13903,-35.96961294
mp-7907,-28.55193718
mp-758946,-36.61826476
mp-18835,-184.1895667
mp-21179,-80.4073436
mp-4253,-95.48593489
mp-2557,-43.83039678
mp-20619,-49.94189442
mp-580357,-17.89583703
mp-1646,-7.15015117
mp-21371,-93.66475276
mp-865986,-12.12850715
mp-16236,-18.86823231
mp-571622,-52.16247601
mp-10240,-84.54537959
mp-1601,-21.77123507
mp-19128,-49.19685943
mp-2831,-13.77728394
mp-20452,-28.84665436
mp-31147,-19.45946837
mp-16491,-54.44998457
mp-18093,-201.1897792
mp-22318,-19.92235314
mp-10010,-31.50743369
mp-9550,-67.08662036
mp-2513,-67.76840999
mp-132,-3.99892547
mp-1458,-81.50600203
mp-1432,-14.03373988
mp-614603,-5.51127789
mp-12065,-14.5180527
mp-1439,-107.3107612
mp-978268,-6.07291868
mp-21117,-35.45985263
mp-776911,-47.14073104
mp-568560,-5.76702343
mp-545665,-90.06822725
mp-10848,-60.18045723
mp-569671,-56.40656491
mp-11230,-70.49049451
mp-22036,-80.40529021
mp-567395,-96.85587055
mp-1153,-11.96253923
mp-11261,-11.46961107
mp-776339,-60.83769122
mp-30722,-16.33293362
mp-20566,-9.86151334
mp-862,-27.92459159
mp-2133,-18.20488992
mp-6915,-52.21896828
mp-13149,-12.253411
mp-695,-46.03850251
mp-20436,-108.5560394
mp-999545,-35.87085221
mp-2730,-3.77367216
mp-2221,-20.24543348
mp-2310,-49.79804255
mp-864954,-65.17131802
mp-13983,-30.99293687
mp-1224,-23.36299203
mp-546011,-49.13578732
mp-995122,-21.3039637
mp-18732,-147.6044002
mp-27912,-49.54567807
mp-1725,-10.84365897
mp-9583,-29.33613124
mp-13911,-15.38705438
mp-3448,-24.7983103
mp-557938,-56.26115271
mp-4630,-73.80522513
mp-3762,-42.76813611
mp-1400,-72.76210184
mp-8285,-56.99523113
mp-31326,-18.51640641
mp-570904,-31.13824741
mp-1364,-52.44084592
mp-10886,-20.22671295
mp-28266,-34.59017717
mp-600428,-140.5752318
mp-23480,-237.8991555
mp-2574,-56.80348487
mp-841,-38.76889738
mp-2845,-22.06199117
mp-9578,-26.59294566
mp-1215,-26.15853879
mp-625136,-26.0543018
mp-571499,-131.3740942
mp-30744,-44.82599066
mp-9567,-17.22092963
mp-753395,-85.23749017
mp-4824,-18.42688402
mp-3534,-34.03100584
mp-2910,-64.98997809
mp-7823,-42.06240919
mp-9989,-73.13167579
mp-844,-213.0779283
mp-22050,-69.21894062
mp-23513,-30.20338995
mp-2136,-119.1981593
mp-622497,-254.4120839
mp-3582,-273.185957
mp-570213,-8.52190866
mp-11290,-15.53435851
mp-9690,-17.29018062
mp-21434,-71.67458739
mp-865152,-19.04068095
mp-715,-56.60807919
mp-998866,-6.4641748
mp-561511,-74.46209828
mp-755089,-113.7728778
mp-773864,-45.37873597
mp-20572,-27.5777348
mp-571033,-19.45521012
mp-801,-87.43951346
mp-825,-44.33861787
mp-6914,-11.97115463
mp-971,-10.22532998
mp-1627,-75.04174358
mp-7582,-27.65821026
mp-22619,-70.88611575
mp-27138,-22.23811203
mp-12693,-11.82806955
mp-10694,-27.87463189
mp-4651,-80.2581312
mp-20679,-34.48690603
mp-676512,-50.23050766
mp-571222,-6.10412726
mp-1786,-56.74737134
mp-3271,-39.61813418
mp-754611,-51.33048803
mp-510625,-54.8289095
mp-639910,-71.18605389
mp-9321,-43.78798051
mp-12697,-87.04321118
mp-30876,-62.22471359
mp-5541,-50.64912223
mp-811,-35.11389427
mp-11288,-17.96361925
mp-8818,-25.46928681
mp-22888,-22.83739574
mp-2797,-28.10315386
mp-7753,-19.08398643
mp-364,-13.28738865
mp-5920,-11.05935778
mp-8978,-61.21600524
mp-12723,-13.80137568
mp-556324,-24.76590108
mp-753373,-33.91885421
mp-1359,-19.97897518
mp-1500,-10.21246972
mp-12521,-61.90251725
mp-306,-120.3958443
mp-10692,-48.61862152
mp-1714,-165.1965004
mp-22060,-65.85293861
mp-91,-12.95812647
mp-768305,-55.46868589
mp-13363,-51.33020433
mp-2490,-9.25860923
mp-753098,-17.93332708
mp-600124,-19.6920403
mp-15986,-32.05723668
mp-1111,-129.6751437
mp-9972,-27.192104
mp-20725,-32.26698815
mp-22759,-112.1784045
mp-2210,-12.85390757
mp-10059,-46.57113504
mp-30555,-30.54281769
mp-10293,-40.26235626
mp-12798,-23.6854069
mp-30227,-38.39155334
mp-1332,-147.4120461
mp-636284,-60.0684212
mp-24154,-17.54938372
mp-618991,-50.41601653
mp-979,-147.6600483
mp-14285,-78.13519836
mp-1272,-75.77314764
mp-20952,-19.283037
mp-389,-46.73189958
mp-2554,-21.47317067
mp-29661,-142.0423673
mp-22191,-74.03575762
mp-13138,-32.61179318
mp-11269,-22.36195989
mp-1143,-74.81357943
mp-2337,-50.55973448
mp-30410,-35.25760567
mp-8281,-16.25327802
mp-1008785,-21.60506861
mp-9812,-64.76736604
mp-22447,-276.0424775
mp-504908,-151.8503856
mp-10901,-25.45978322
mp-20133,-60.38769066
mp-20354,-31.1460612
mp-1934,-7.21203075
mp-16290,-28.12611647
mp-752945,-38.51862397
mp-7770,-16.870787
mp-1791,-154.5743125
mp-10026,-23.66199613
mp-22646,-58.63835664
mp-23714,-40.29927581
mp-1683,-46.45560073
mp-755715,-96.60971151
mp-756482,-80.60832876
mp-1783,-14.23822218
mp-2126,-39.74075142
mp-23061,-77.85491475
mp-10918,-25.41000473
mp-1670,-15.92555122
mp-2955,-99.0832986
mp-715553,-90.11485808
mp-27577,-37.18027532
mp-11025,-102.6540122
mp-3657,-30.24128727
mp-8462,-156.0621355
mp-754629,-90.65847739
mp-5318,-20.71534181
mp-2404,-20.96070844
mp-567996,-143.7197077
mp-1841,-67.03642804
mp-30353,-20.90719992
mp-2775,-17.82363482
mp-23060,-24.3922429
mp-20930,-21.31093793
mp-315,-14.65879111
mp-16523,-87.89822517
mp-4728,-24.77952209
mp-76,-1.68308875
mp-620571,-48.12598857
mp-568792,-126.3333181
mp-755017,-85.29639823
mp-8150,-14.73255512
mp-488,-47.04224975
mp-892,-14.8583683
mp-4182,-45.3245861
mp-10597,-5.65001724
mp-31469,-138.646275
mp-5723,-60.02270364
mp-8094,-5.29357513
mp-917,-40.839175
mp-22992,-43.08625784
mp-20337,-39.25952211
mp-31510,-43.55396304
mp-569628,-32.26100178
mp-570196,-130.6834482
mp-568106,-309.150134
mp-30357,-36.21188446
mp-1700,-14.84715069
mp-696,-51.29824888
mp-11313,-11.73108738
mp-173,-65.7027073
mp-2039,-100.3373515
mp-11175,-29.7481819
mp-10015,-17.32630568
mp-29154,-72.28933326
mp-8939,-73.92966085
mp-2582,-40.81553526
mp-976334,-13.62943943
mp-561317,-29.27914725
mp-4823,-26.11867461
mp-839,-61.34047794
mp-569581,-14.48245884
mp-753,-43.55790117
mp-4955,-28.76765736
mp-545665,-90.06822725
mp-8335,-53.4442868
mp-540231,-315.5700095
mp-864921,-30.83292866
mp-2670,-68.03986833
mp-2500,-41.35819198
mp-20937,-191.6561551
mp-10025,-100.7565436
mp-10755,-21.59731803
mp-12990,-63.12883011
mp-2698,-30.8961229
mp-104,-8.25799917
mp-1201,-18.33787926
mp-571636,-12.44793848
mp-550,-57.27235527
mp-754826,-55.33804102
mp-6606,-208.9908713
mp-4730,-23.86918583
mp-915,-8.10084069
mp-2741,-17.5774011
mp-246,-26.92921821
mp-752975,-73.02056961
mp-571594,-112.2771457
mp-22916,-6.11449988
mp-30488,-1.43586019
mp-30798,-104.8488079
mp-8409,-28.46382464
mp-14091,-32.09090906
mp-10905,-28.35016103
mp-11441,-62.94983087
mp-864955,-35.2813548
mp-4744,-26.21324331
mp-1005,-60.20760985
mp-487,-65.24203174
mp-10155,-87.32934358
mp-229,-33.33430362
mp-1349,-32.77729313
mp-4979,-38.7069635
mp-20483,-3.71258955
mp-19895,-29.26015846
mp-2454,-101.9731812
mp-2151,-72.93407098
mp-23251,-6.27061711
mp-542640,-46.52484502
mp-8432,-28.19655048
mp-2028,-36.30014894
mp-1194,-7.60628646
mp-20296,-50.05499197
mp-554278,-107.6891119
mp-12962,-72.70169707
mp-867300,-71.41507417
mp-865531,-31.30813707
mp-631,-18.73702777
mp-20826,-14.74894129
mp-867137,-35.79843726
mp-754008,-88.20668849
mp-569196,-76.16112237
mp-19359,-93.07664692
mp-570935,-11.79711739
mp-567313,-9.4298307
mp-1672,-10.4388825
mp-25886,-74.7295348
mp-758397,-69.94698888
mp-571270,-78.26772967
mp-554405,-34.96067918
mp-11412,-28.16710486
mp-22287,-100.6035769
mp-752607,-55.6376067
mp-30562,-41.11035429
mp-504,-51.72339461
mp-567510,-11.69102235
mp-18966,-44.8403595
mp-753679,-205.7757383
mp-11754,-61.92551195
mp-16337,-21.036239
mp-5407,-28.35632588
mp-18427,-248.2759106
mp-10873,-19.4459792
mp-754238,-41.19540627
mp-12716,-16.25759736
mp-3210,-31.23783767
mp-10437,-21.34994282
mp-22522,-80.30750386
mp-755264,-17.77714135
mp-16363,-68.95764274
mp-569018,-13.5647124
mp-505803,-43.97029559
mp-16356,-81.30898493
mp-253,-43.2095509
mp-5782,-35.7612425
mp-754363,-55.59345158
mp-1919,-111.5632369
mp-23044,-82.25482723
mp-7427,-68.57908711
mp-764648,-60.25235084
mp-1425,-55.01762864
mp-417,-16.88290774
mp-19006,-31.42682858
mp-12742,-38.24917308
mp-4262,-14.32155491
mp-22144,-74.40273935
mp-191,-15.49051657
mp-1589,-109.8336555
mp-2553,-17.94825011
mp-1515,-42.6834237
mp-13171,-38.42764572
mp-28980,-97.48498729
mp-1001011,-142.9577881
mp-752465,-68.58297516
mp-31454,-26.39809785
mp-755394,-92.25155726
mp-22903,-5.51720219
mp-637614,-40.90539051
mp-761415,-79.07831581
mp-4666,-35.92460092
mp-19943,-42.54365575
mp-165,-21.647581
mp-1180,-28.78999634
mp-10161,-7.67033591
mp-9459,-149.8558613
mp-752974,-102.9435755
mp-11879,-22.10447525
mp-1784,-8.03004591
mp-756562,-82.18053325
mp-11022,-56.38780347
mp-1239,-90.42535301
mp-684668,-40.51475759
mp-11334,-102.966877
mp-8276,-18.49053502
mp-1264,-11.26124424
mp-977580,-19.14027745
mp-570081,-11.85626354
mp-830,-12.30659845
mp-20061,-53.38963427
mp-972916,-11.75631015
mp-22095,-13.87045905
mp-2515,-28.03520119
mp-11176,-72.71715264
mp-22637,-114.1911523
mp-581786,-32.56208959
mp-3701,-75.70897731
mp-241,-11.26386759
mp-753675,-33.84494365
mp-21851,-96.41664706
mp-8352,-47.42310643
mp-13947,-54.40265624
mp-755309,-41.48729164
mp-31297,-53.6180412
mp-11489,-12.12843381
mp-5456,-34.88191222
mp-5827,-40.14205429
mp-1949,-108.1345984
mp-16488,-103.1550693
mp-5046,-38.73560124
mp-1067,-12.01948978
mp-510412,-228.8867204
mp-2008,-37.1612342
mp-22258,-113.4033707
mp-571264,-59.99883871
mp-1451,-57.22438007
mp-12777,-16.70040401
mp-5652,-93.93393856
mp-4019,-161.8576428
mp-7343,-113.1619137
mp-10172,-2.62444601
mp-7832,-81.49148885
mp-2361,-126.7120563
mp-11283,-28.69132363
mp-759276,-86.16728298
mp-1265,-11.96742144
mp-427,-53.99388018
mp-2672,-32.73696412
mp-10133,-31.99126191
mp-1552,-125.0304308
mp-978273,-5.94754866
mp-31212,-33.27517177
mp-284,-12.07441751
mp-20724,-7.03900916
mp-517,-72.42189021
mp-567929,-101.1465538
mp-9615,-23.77100969
mp-258,-53.12080493
mp-21035,-35.31721423
mp-638,-9.28015981
mp-437,-6.08758002
mp-11227,-58.9076119
mp-15722,-57.12763159
mp-3834,-41.44471339
mp-10712,-40.1281166
mp-22636,-94.17312901
mp-23560,-234.4830579
mp-759459,-67.53774305
mp-20418,-89.21369319
mp-11361,-10.14934764
mp-863744,-15.44150129
mp-996975,-18.36126983
mp-11023,-56.76612666
mp-7781,-126.4698983
mp-30438,-71.17287371
mp-2103,-13.99064169
mp-1020,-36.32746662
mp-7017,-30.92808091
mp-19443,-60.08556143
mp-607111,-98.91615561
mp-2612,-7.91015514
mp-3159,-28.07518007
mp-16497,-19.92718549
mp-12725,-36.46602537
mp-675120,-46.97297275
mp-30490,-12.10948382
mp-7089,-17.19463354
mp-1089,-37.34248254
mp-541037,-25.64811805
mp-11567,-23.2248841
mp-2031,-23.96796312
mp-13686,-144.4324531
mp-3618,-71.72097753
mp-22033,-223.2018201
mp-510441,-50.3364672
mp-22086,-67.81623255
mp-568328,-63.82054178
mp-5149,-29.55107881
mp-583,-49.47226812
mp-571555,-12.44882992
mp-22795,-21.88349615
mp-20466,-75.46327403
mp-20565,-41.53936402
mp-18198,-116.5106333
mp-16483,-56.36935727
mp-1001023,-39.30743469
mp-21255,-52.4655611
mp-21447,-111.0292972
mp-20757,-35.26022541
mp-567749,-43.38722017
mp-8145,-27.82705566
mp-2478,-67.79896952
mp-865842,-39.27073139
mp-22980,-27.23237826
mp-12565,-22.64529068
mp-20305,-7.86812719
mp-570677,-36.14825127
mp-13453,-41.61395457
mp-861738,-34.4776414
mp-157,-21.50358042
mp-13119,-15.79763804
mp-8458,-62.52512744
mp-126,-6.07090771
mp-10527,-31.21543379
mp-580234,-41.48217967
mp-569250,-37.98342482
mp-739,-62.69014219
mp-30156,-55.02954582
mp-1008922,-10.3903991
mp-1476,-14.19032221
mp-866169,-10.51537225
mp-2828,-21.78692844
mp-15649,-78.41911738
mp-20949,-87.37129035
mp-4876,-96.97125056
mp-30245,-65.70532339
mp-1334,-23.01766075
mp-446,-70.0866775
mp-3094,-201.7570582
mp-23259,-6.63263931
mp-2560,-24.11720925
mp-755690,-54.39703698
mp-4864,-37.09699214
mp-505562,-54.82600358
mp-862260,-22.72847021
mp-1011860,-310.0151302
mp-765508,-66.03269755
mp-15661,-112.8174614
mp-22461,-29.08143815
mp-20892,-102.3510313
mp-2114,-18.17665808
mp-567713,-50.06882969
mp-675211,-206.8169854
mp-13160,-57.6207518
mp-9565,-17.01796222
mp-510753,-13.80308764
mp-25417,-30.15590931
mp-19163,-87.46148639
mp-1708,-12.22509201
mp-774712,-24.40893247
mp-8279,-17.49585728
mp-567612,-119.7097464
mp-13095,-53.38514283
mp-569833,-43.03606117
mp-22302,-105.4383452
mp-736,-27.85189145
mp-1009083,-35.34494649
mp-555908,-30.84831171
mp-8605,-14.74422137
mp-22864,-58.26038646
mp-3805,-36.04867006
mp-7437,-18.31500594
mp-6985,-7.8334976
mp-2807,-14.72510828
mp-8017,-30.97205814
mp-30737,-35.32229651
mp-10044,-11.37636529
mp-22262,-100.851686
mp-10300,-83.27030226
mp-864794,-9.87074549
mp-755628,-204.4746902
mp-21440,-75.52854787
mp-753571,-41.75357898
mp-8402,-24.36837454
mp-19870,-28.97943014
mp-30428,-24.66090128
mp-23710,-17.82172514
mp-31460,-21.96652634
mp-13137,-77.26906535
mp-556548,-301.0557472
mp-2187,-25.88643202
mp-11413,-28.0420176
mp-985805,-19.27423641
mp-865051,-8.59185669
mp-1734,-9.67189641
mp-14112,-47.17570254
mp-1285,-34.74569719
mp-541487,-55.28569046
mp-568827,-59.17609017
mp-50,-11.85777728
mp-754126,-18.57837429
mp-23506,-82.25177571
mp-27726,-34.44992191
mp-30856,-20.72322307
mp-1219,-9.3650867
mp-581733,-94.14249001
mp-416,-80.13557618
mp-546125,-88.3094125
mp-8861,-32.77173396
mp-3792,-166.3949637
mp-18773,-120.1697209
mp-758104,-216.768922
mp-953,-14.53581027
mp-556417,-35.41883013
mp-16305,-73.77057762
mp-33009,-85.37579522
mp-9339,-34.9552816
mp-2090,-15.71418618
mp-8780,-86.39977082
mp-18717,-36.2522689
mp-11697,-41.09013068
mp-19069,-17.80050764
mp-1973,-20.41945498
mp-8484,-53.60397735
mp-20382,-143.0167408
mp-622570,-57.34750807
mp-15985,-55.64897919
mp-20202,-56.28016528
mp-777479,-93.07554679
mp-3427,-106.0318105
mp-30175,-13.46358414
mp-13450,-91.012467
mp-1648,-59.06224085
mp-10200,-39.90200568
mp-22426,-80.81592791
mp-2012,-2.96021147
mp-558432,-319.9545521
mp-9023,-34.52690793
mp-21850,-38.30223365
mp-15316,-65.86820952
mp-30788,-72.67766832
mp-10748,-45.64631831
mp-18922,-96.99292699
mp-3747,-100.9229152
mp-2406,-86.66257379
mp-570713,-40.91585944
mp-9964,-38.15417414
mp-18468,-244.8150014
mp-649774,-105.4732144
mp-552454,-87.12838071
mp-862669,-27.69261188
mp-867917,-24.93547895
mp-30836,-29.33412278
mp-759914,-61.53052537
mp-1585,-70.28982049
mp-11299,-2.10429727
mp-23703,-6.11370046
mp-571263,-40.78241419
mp-1012551,-50.49617166
mp-9938,-55.14174066
mp-30423,-30.7787298
mp-8042,-96.00219748
mp-11531,-21.37093353
mp-22894,-9.83269133
mp-18965,-121.6846949
mp-4471,-164.8361249
mp-4653,-40.46137483
mp-570578,-17.63649576
mp-30472,-16.71592938
mp-4200,-97.83535879
mp-570744,-35.0013355
mp-11220,-34.92671364
mp-754765,-46.17961542
mp-754375,-46.56780609
mp-29145,-79.37671074
mp-19313,-85.89362286
mp-977207,-10.95285959
mp-10379,-59.42703098
mp-22156,-69.46247642
mp-2243,-16.00655025
mp-11512,-21.18331424
mp-122,-1.91897083
mp-568121,-317.543817
mp-996990,-20.28630653
mp-768381,-67.62376451
mp-12580,-10.04090512
mp-569066,-23.23135074
mp-13452,-15.61751254
mp-15988,-13.74521075
mp-2654,-151.0991437
mp-9514,-27.76500252
mp-20516,-22.38181248
mp-742,-20.24318186
mp-535,-42.13842143
mp-999540,-26.74466712
mp-31277,-103.6029549
mp-24237,-15.1118894
mp-22752,-32.24686587
mp-2034,-140.7678854
mp-977218,-10.88985669
mp-25433,-26.464525
mp-754895,-67.52806363
mp-865229,-24.41063724
mp-7876,-16.71600765
mp-19399,-79.8478336
mp-13079,-30.04357666
mp-1190,-6.18596764
mp-29153,-64.51700708
mp-5606,-31.59612261
mp-718,-21.61664651
mp-1028,-42.04439276
mp-759283,-72.64355862
mp-1038,-20.38500042
mp-754455,-89.71975888
mp-570751,-68.15657252
mp-30871,-79.42493136
mp-19387,-76.87806461
mp-1008610,-8.22885274
mp-1479,-12.90737451
mp-27275,-172.3084285
mp-31080,-35.06293975
mp-2536,-38.21764562
mp-30581,-24.48693942
mp-87,-7.47882573
mp-945,-12.02483635
mp-2451,-58.31692198
mp-1172,-9.89431279
mp-8418,-98.08846596
mp-11571,-20.2304624
mp-22566,-15.43095584
mp-601820,-32.70931474
mp-1689,-144.142049
mp-559598,-74.72876536
mp-8995,-49.82297851
mp-9029,-95.07177656
mp-10670,-26.33737358
mp-19740,-54.81490318
mp-9801,-96.69036645
mp-1027,-35.03566384
mp-30684,-68.83643455
mp-13829,-48.40195256
mp-1314,-524.7864862
mp-10849,-57.6213494
mp-19147,-67.04819773
mp-567982,-79.79565139
mp-11520,-19.07442567
mp-11280,-53.57616525
mp-1352,-20.24033609
mp-557257,-28.06618953
mp-255,-8.48186937
mp-22889,-33.58723
mp-569834,-29.74669259
mp-1523,-89.02465192
mp-11566,-8.35534371
mp-117,-7.98458996
mp-1444,-9.67440398
mp-21145,-51.18928458
mp-380,-12.35264272
mp-11917,-30.89467163
mp-16493,-46.47505207
mp-4756,-27.53633201
mp-1545,-77.37430008
mp-28782,-65.87366821
mp-3700,-76.82808223
mp-755190,-109.0625966
mp-10739,-76.90291554
mp-1152,-32.46024551
mp-998552,-43.59189315
mp-2027,-17.85908943
mp-30686,-58.50735317
mp-10890,-13.55219806
mp-3679,-59.96238043
mp-10212,-34.59039532
mp-22408,-49.20016007
mp-21449,-101.0833721
mp-21075,-21.06360252
mp-675766,-57.05821231
mp-23067,-28.77801195
mp-20492,-89.82982502
mp-1156,-7.4702454
mp-6959,-31.9824635
mp-9575,-21.01961352
mp-10046,-68.37778503
mp-11560,-151.4111088
mp-10259,-35.13312397
mp-12087,-12.46020001
mp-999068,-29.04255928
mp-568920,-20.8185393
mp-11578,-13.07065775
mp-1135,-27.33304423
mp-21894,-57.22340746
mp-510691,-138.8142574
mp-7931,-55.18091233
mp-865146,-39.96313905
mp-13208,-22.79352357
mp-10228,-19.52335221
mp-15778,-12.72853706
mp-23501,-62.50164488
mp-10759,-8.53162882
mp-31459,-23.46740145
mp-753059,-47.60177119
mp-569624,-118.0582468
mp-8577,-34.60500046
mp-30491,-9.29611013
mp-81,-3.27388154
mp-7979,-37.59048493
mp-19962,-15.43275435
mp-685156,-106.5229972
mp-2258,-15.71639526
mp-18918,-78.30931735
mp-2516,-8.45794596
mp-2533,-54.46689214
mp-3988,-42.91362722
mp-5078,-58.51458028
mp-672287,-101.5595727
mp-757614,-97.69845231
mp-1526,-8.2169855
mp-24726,-16.13102314
mp-2715,-69.6156962
mp-643279,-32.18949815
mp-1630,-53.33924863
mp-1099,-44.05244273
mp-11834,-18.71957867
mp-11583,-92.25542304
mp-13456,-34.97306338
mp-9307,-23.88667086
mp-7787,-106.9126517
mp-30459,-17.87968772
mp-571367,-38.84693765
mp-16528,-72.71502948
mp-2644,-23.12087868
mp-754922,-50.70712631
mp-1578,-71.80599187
mp-12403,-101.7344161
mp-2108,-123.8273304
mp-5348,-71.70890808
mp-4563,-37.47877505
mp-2213,-14.3846046
mp-10245,-73.56655704
mp-21855,-39.26309411
mp-11359,-10.38200636
mp-754053,-72.90320165
mp-27828,-37.29245103
mp-20395,-89.96647978
mp-569426,-9.85012617
mp-11644,-11.69007144
mp-1128,-62.64289394
mp-760381,-8.5977575
mp-11286,-3.4133792
mp-12593,-35.33214508
mp-755176,-125.2027465
mp-540111,-170.592737
mp-17695,-98.32080137
mp-13964,-39.43678176
mp-16336,-100.6994099
mp-19138,-54.08000857
mp-1082,-37.58361998
mp-555599,-51.73878428
mp-1393,-39.37203868
mp-554573,-94.97848841
mp-14208,-46.91829464
mp-11387,-20.58174596
mp-20361,-170.1337341
mp-30570,-29.7295572
mp-8414,-54.15357123
mp-2658,-12.86937107
mp-30366,-44.86395458
mp-8937,-21.62040737
mp-27207,-24.59743243
mp-85,-2.71487315
mp-19177,-44.63814413
mp-226,-73.03390479
mp-7936,-50.99362859
mp-1008274,-34.47397083
mp-541,-80.16720321
mp-13472,-103.8046071
mp-11385,-49.07188538
mp-2006,-76.169303
mp-643409,-210.5659607
mp-865050,-29.7710466
mp-559435,-36.87255282
mp-11486,-151.7494822
mp-13109,-86.96184599
mp-13683,-40.82252239
mp-760321,-85.59088367
mp-31458,-22.66294065
mp-605034,-35.67331055
mp-13172,-25.85943647
mp-2824,-66.39528817
mp-729,-71.49414825
mp-17045,-148.0313883
mp-754403,-56.93159822
mp-23804,-34.60035694
mp-2212,-14.18155589
mp-865586,-32.54124811
mp-9916,-80.03149557
mp-22152,-30.57538864
mp-4492,-30.61580221
mp-1963,-18.26823899
mp-8192,-38.70655096
mp-1229,-24.87396778
mp-20900,-32.20851532
mp-568014,-68.12780003
mp-2199,-32.1139768
mp-28270,-46.52371843
mp-390,-53.80623345
mp-4753,-244.8796311
mp-1404,-9.09409325
mp-865193,-53.38619625
mp-9919,-16.78920128
mp-31456,-24.97986517
mp-2592,-23.19117503
mp-2201,-8.3298212
mp-20730,-29.60516092
mp-510311,-16.24827781
mp-1220,-22.48305926
mp-18725,-171.604341
mp-22607,-24.89834634
mp-902,-3.51347611
mp-139,-3.3677998
mp-775909,-56.7182836
mp-754850,-22.80696083
mp-2420,-76.43771826
mp-3642,-59.70593889
mp-11580,-77.44801757
mp-11193,-46.89889734
mp-2430,-38.75416859
mp-560888,-76.30353332
mp-1326,-69.93784563
mp-22898,-5.61632582
mp-756361,-95.64845149
mp-560878,-38.50255391
mp-546279,-42.56447075
mp-540791,-194.9910394
mp-20865,-30.98541755
mp-21069,-94.58516471
mp-865525,-9.49131128
mp-2097,-23.05986712
mp-30842,-109.4589055
mp-4551,-43.32951538
mp-6931,-21.50902189
mp-28230,-64.39023328
mp-999096,-29.72178596
mp-728,-10.15055553
mp-570452,-26.65980534
mp-571651,-54.45390401
mp-7623,-85.45687824
mp-5213,-32.26444139
mp-7424,-35.67283499
mp-30816,-14.88314863
mp-31496,-34.64924459
mp-1522,-36.56249509
mp-21347,-103.7901891
mp-2744,-7.96421462
mp-865441,-25.04492584
mp-567618,-439.2838255
mp-761390,-204.0919246
mp-8182,-92.30752481
mp-9517,-63.41049012
mp-7377,-24.83971652
mp-3732,-68.32751289
mp-866291,-5.20411555
mp-5414,-32.87552155
mp-452,-89.22020355
mp-22408,-49.20016007
mp-567666,-43.73694738
mp-29973,-44.2929755
mp-988,-114.5501669
mp-761524,-58.08117791
mp-7250,-112.492199
mp-567652,-42.45933486
mp-11248,-13.19523559
mp-10113,-42.81226993
mp-922,-25.53692238
mp-11329,-49.74548635
mp-10887,-23.20293705
mp-12585,-32.18012268
mp-19009,-19.87253657
mp-5621,-43.71850083
mp-8648,-143.9101781
mp-1883,-7.72519638
mp-7092,-59.43398614
mp-16501,-27.37594916
mp-11307,-5.25841092
mp-1932,-84.99595231
mp-11300,-9.20642311
mp-29403,-15.71302544
mp-18167,-37.21706758
mp-5475,-33.45550015
mp-11621,-11.86348832
mp-570963,-125.8713312
mp-10208,-59.50862426
mp-2931,-169.5517887
mp-30408,-104.3622081
mp-7930,-57.6474494
mp-16524,-24.23826678
mp-2809,-87.65508492
mp-21476,-101.5044034
mp-5137,-62.33869924
mp-675748,-27.82541675
mp-9961,-56.17625735
mp-4559,-37.23749785
mp-14797,-55.00274314
mp-21467,-27.65749769
mp-2263,-52.56340077
mp-757056,-50.97568326
mp-862318,-17.06184922
mp-1371,-73.51657286
mp-2231,-36.08546342
mp-20817,-63.3733615
mp-9383,-33.83114016
mp-341,-20.50566214
mp-1918,-15.91700211
mp-4441,-21.10036825
mp-15113,-167.2051059
mp-31185,-30.59298947
mp-27841,-37.34712429
mp-755297,-26.52327437
mp-2851,-35.0629714
mp-14115,-24.03564748
mp-20155,-30.61592764
mp-3955,-134.6167714
mp-19390,-30.03565964
mp-10695,-7.01868161
mp-20432,-43.33131474
mp-27255,-40.62399558
mp-29641,-44.58045255
mp-12029,-31.17466838
mp-33,-18.54877822
mp-23807,-52.21435693
mp-12137,-16.83410782
mp-8237,-25.41329625
mp-4131,-35.35004921
mp-783905,-200.4295648
mp-10446,-56.24653171
mp-10700,-28.75749784
mp-11191,-64.74471737
mp-569837,-116.4526914
mp-1260,-29.83264507
mp-22535,-41.24888795
mp-30780,-35.95237681
mp-761574,-123.901898
mp-30875,-41.5999094
mp-23056,-18.52225842
mp-30365,-29.14272077
mp-5748,-27.80893289
mp-1022,-9.52226991
mp-754701,-80.64529451
mp-9391,-70.01447916
mp-22204,-84.79324214
mp-20004,-63.68889688
mp-9289,-35.48307889
mp-945184,-40.89713847
mp-590,-22.01986133
mp-571163,-27.55064944
mp-13276,-23.89022537
mp-568809,-35.67417913
mp-2682,-68.03205554
mp-6938,-9.39274563
mp-2705,-29.0711123
mp-875,-15.77462007
mp-644225,-29.14924081
mp-12674,-12.45547553
mp-30460,-18.15384223
mp-19835,-67.6236357
mp-20541,-103.7694491
mp-8487,-60.54800584
mp-31438,-43.2094897
mp-3748,-26.03572221
mp-756214,-82.92776543
mp-8786,-74.5155124
mp-9687,-25.70100151
mp-11506,-57.11640532
mp-12411,-10.90215253
mp-1539,-13.4861763
mp-30435,-10.04774883
mp-4083,-22.81843363
mp-11465,-21.31654869
mp-7048,-74.71976721
mp-19226,-187.5751789
mp-22875,-5.67672651
mp-1009488,-12.8901012
mp-9060,-21.11544833
mp-760,-33.05399009
mp-7771,-15.9774899
mp-558852,-21.07265689
mp-2624,-8.19354822
mp-16529,-68.10698602
mp-16297,-36.17584709
mp-27226,-64.26372302
mp-3821,-38.90951397
mp-38683,-78.27274973
mp-11279,-11.91460277
mp-556,-30.474983
mp-559976,-45.85371385
mp-865444,-23.58067642
mp-2646,-14.87112441
mp-94,-1.81240556
mp-13071,-52.56319142
mp-19017,-191.7661349
mp-505517,-97.8999888
mp-5869,-36.06202373
mp-22773,-79.565881
mp-823,-15.80060807
mp-17783,-58.41275554
mp-16521,-36.13464179
mp-12954,-40.83215377
mp-27393,-36.12835081
mp-21873,-63.27076388
mp-753622,-86.10246552
mp-10198,-42.14225304
mp-628606,-23.05536225
mp-8882,-18.47909928
mp-30739,-29.90878541
mp-2652,-364.563405
mp-758052,-44.13400437
mp-1081,-50.74761119
mp-5166,-25.39018387
mp-13444,-39.34934796
mp-999079,-23.34442743
mp-9743,-28.85101886
mp-9177,-38.89641972
mp-1808,-179.2218149
mp-7822,-108.1652312
mp-12700,-123.5686965
mp-1185,-32.63680296
mp-2773,-11.45879359
mp-8606,-14.9402158
mp-1252,-16.51830494
mp-7918,-43.74624924
mp-4673,-173.8882869
mp-1030,-47.37741962
mp-570632,-11.53732785
mp-30483,-7.51394967
mp-1894,-22.43018738
mp-12863,-21.70612416
mp-27606,-81.52223053
mp-8372,-13.95129889
mp-570428,-22.8977054
mp-15643,-38.0742602
mp-553303,-27.54391068
mp-22478,-39.42541765
mp-11449,-116.1821644
mp-20847,-108.5818755
mp-10173,-3.81279734
mp-682,-8.648536
mp-684580,-4.91450528
mp-753722,-16.36471722
mp-189,-63.99152747
mp-19328,-33.18141944
mp-753167,-72.41556765
mp-20698,-30.3700085
mp-5933,-240.0991211
mp-974625,-93.63444669
mp-14070,-49.38538944
mp-754908,-51.08661168
mp-3469,-52.93459398
mp-754809,-99.96800589
mp-540,-47.29581032
mp-567841,-185.6475249
mp-565,-33.16335462
mp-20883,-55.44521832
mp-36111,-11.20875796
mp-3677,-113.5772883
mp-2695,-39.06747763
mp-19201,-139.138754
mp-570689,-53.17190752
mp-5778,-31.48405258
mp-1825,-24.51508509
mp-11714,-60.24429409
mp-11695,-40.57860035
mp-849637,-57.39638968
mp-553243,-51.62215193
mp-2449,-34.19403545
mp-19991,-41.10249291
mp-4472,-77.15853903
mp-20539,-15.78086287
mp-755570,-24.68818168
mp-30882,-43.63026952
mp-639874,-276.8899904
mp-22904,-25.77033406
mp-27919,-118.6459682
mp-16723,-114.6527923
mp-19009,-19.87253657
mp-42,-355.5232745
mp-22270,-54.75537059
mp-13447,-25.56161311
mp-7432,-14.32512461
mp-46,-15.782105
mp-8159,-32.84615441
mp-20049,-35.50066771
mp-1609,-76.08644684
mp-30493,-16.10103195
mp-19420,-68.85391897
mp-20860,-40.80548844
mp-2758,-9.31003431
mp-12532,-32.54266543
mp-11202,-60.58389434
mp-28783,-44.91303281
mp-754980,-88.1886298
mp-944,-17.2333181
mp-5670,-114.9344473
mp-780260,-77.43336432
mp-129,-10.84563514
mp-4236,-63.48696255
mp-867281,-76.41666568
mp-568661,-24.39233529
mp-554973,-20.32660678
mp-568077,-117.3434394
mp-4280,-22.34898838
mp-670,-49.5019578
mp-20793,-34.2321496
mp-675324,-73.93518564
mp-2749,-31.91132392
mp-21926,-369.6057081
mp-29674,-51.97161759
mp-2033,-51.10855408
mp-11019,-44.69858964
mp-755000,-60.05125911
mp-5929,-127.9824905
mp-17524,-112.5158112
mp-9382,-32.04223145
mp-2488,-69.52175952
mp-19424,-157.1356987
mp-8236,-27.09451176
mp-3432,-18.93987007
mp-12537,-62.16442414
mp-10456,-99.05202206
mp-7891,-17.15185294
mp-15987,-61.61150194
mp-374,-23.96524564
mp-10991,-46.34104973
mp-11517,-38.4557267
mp-6997,-34.77461798
mp-568284,-39.46393951
mp-865026,-34.88789734
mp-7364,-21.79120416
mp-17848,-299.8722182
mp-9225,-85.60559526
mp-2152,-37.27941091
mp-642644,-21.97618536
mp-8628,-33.44069021
mp-2056,-25.66192902
mp-12761,-10.69448173
mp-21164,-60.25451405
mp-22154,-9.46337685
mp-505822,-100.2002494
mp-11464,-2.5721193
mp-29208,-15.62956211
mp-31516,-173.7375585
mp-4846,-21.44247161
mp-1418,-26.16946867
mp-2121,-19.38892111
mp-754727,-36.89001281
mp-866046,-53.89181634
mp-14796,-55.20583328
mp-570832,-35.18348597
mp-21313,-80.68692409
mp-18946,-80.95875437
mp-775808,-70.77721617
mp-2605,-12.87793307
mp-2116,-54.86795384
mp-12659,-115.4097404
mp-13495,-30.0620913
mp-239,-37.11813047
mp-2858,-114.0418588
mp-578604,-106.1637447
mp-10891,-25.63940112
mp-5549,-10.21587712
mp-759877,-53.85169261
mp-10744,-62.01056431
mp-10608,-35.92626164
mp-12083,-37.13071549
mp-30177,-77.83329594
mp-10910,-37.84412134
mp-22325,-298.6921467
mp-862664,-67.48514157
mp-31055,-35.67627423
mp-505820,-65.55877429
mp-6926,-27.43117154
mp-3340,-31.61508439
mp-23715,-40.66218409
mp-3576,-29.17029979
mp-188,-24.68075214
mp-21316,-114.3283356
mp-568711,-25.56006626
mp-7906,-30.08246623
mp-754344,-18.2086504
mp-4627,-68.99909418
mp-867222,-15.69033323
mp-19342,-240.3334992
mp-3666,-84.37085275
mp-19970,-140.3143446
mp-643009,-38.26054595
mp-639789,-217.3199672
mp-862586,-85.47740897
mp-685097,-121.8107212
mp-20738,-20.47362589
mp-542812,-41.35623559
mp-505766,-59.12110965
mp-643063,-78.25467119
mp-134,-3.74557583
mp-1459,-22.48269819
mp-978269,-9.03812273
mp-291,-20.53596546
mp-7524,-42.20718776
mp-23209,-12.84237314
mp-560976,-21.19436266
mp-23713,-41.8203488
mp-3054,-78.63607259
mp-864972,-14.3505769
mp-8884,-10.67774411
mp-13583,-74.46197722
mp-2283,-16.23907874
mp-8,-24.88905437
mp-754958,-45.03597274
mp-11514,-24.30389271
mp-2000,-22.68152542
mp-4524,-35.09850761
mp-2211,-70.06262386
mp-20901,-53.8026421
mp-866311,-42.85799882
mp-754915,-54.50808284
mp-4124,-31.47334726
mp-23152,-7.77283276
mp-510624,-31.80402453
mp-690490,-200.2858793
mp-11239,-23.24573806
mp-30846,-53.37116579
mp-2305,-20.24007966
mp-11499,-39.69738822
mp-754246,-76.92173091
mp-903,-55.88577209
mp-2260,-15.00514631
mp-760396,-105.4529823
mp-14983,-55.85406678
mp-571599,-46.54234429
mp-13272,-11.71524594
mp-2501,-58.64037758
mp-10909,-29.42332618
mp-774922,-96.03738518
mp-20424,-32.40737534
mp-757027,-179.6452528
mp-30807,-37.92525796
mp-2318,-30.77477952
mp-23214,-25.76958747
mp-1317,-80.98504902
mp-514,-26.23984762
mp-504711,-21.67697202
mp-1799,-53.43259698
mp-2225,-65.96312501
mp-2589,-66.51329833
mp-22631,-44.70172801
mp-8790,-34.43549074
mp-7506,-133.9954686
mp-2339,-64.68759904
mp-21249,-44.95771152
mp-30778,-101.6303159
mp-13993,-66.21250902
mp-19817,-34.039958
mp-1620,-24.84675693
mp-865,-44.93660105
mp-1367,-9.08291219
mp-14019,-25.88680462
mp-19225,-89.82126881
mp-2614,-22.74012991
mp-20828,-22.25135587
mp-1157,-24.4174664
mp-11275,-84.2623946
mp-5486,-23.04743202
mp-12724,-13.46748581
mp-30180,-81.25805619
mp-22793,-39.1852815
mp-6969,-27.86599192
mp-971662,-246.6249279
mp-20032,-68.9050382
mp-32686,-34.41926533
mp-8280,-19.16280226
mp-8219,-30.86816623
mp-1890,-74.11684746
mp-1509,-89.63216396
mp-15780,-41.43481033
mp-2287,-57.54604052
mp-18875,-85.13670066
mp-568865,-53.75215887
mp-842,-33.87454549
mp-752496,-94.87789232
mp-10615,-11.87171052
mp-4964,-20.29615648
mp-1002124,-19.78075947
mp-9999,-43.22220183
mp-4120,-26.39759993
mp-1108,-27.16421123
mp-753197,-229.0015079
mp-605663,-129.6838757
mp-570485,-15.98500513
mp-505297,-24.7563946
mp-23195,-114.637363
mp-2647,-12.0341581
mp-30787,-67.75735013
mp-8401,-23.97413066
mp-567345,-54.71107043
mp-28895,-38.58836967
mp-567636,-22.31658581
mp-1804,-68.03687599
mp-571513,-37.66019313
mp-644264,-128.0358043
mp-21471,-32.72438031
mp-29069,-37.61490332
mp-21374,-21.62482728
mp-9571,-17.14311601
mp-31453,-22.6042959
mp-643243,-31.61679393
mp-384,-49.5676689
mp-504659,-340.0868874
mp-29646,-86.13495775
mp-6668,-243.5768289
mp-2176,-5.3493586
mp-755718,-33.82128149
mp-7285,-88.32587833
mp-28163,-30.14427793
mp-4255,-22.94213403
mp-30784,-53.78986813
mp-570684,-128.6624725
mp-644278,-31.59384189
mp-11504,-13.05877608
mp-13962,-43.75378024
mp-760410,-41.42574951
mp-9985,-48.48176889
mp-978534,-19.93209465
mp-568673,-40.4481522
mp-865523,-34.06800112
mp-9472,-12.75387371
mp-867703,-42.84276969
mp-754311,-86.86049168
mp-10884,-27.90869118
mp-146,-9.08235617
mp-408,-8.63000808
mp-37620,-53.015125
mp-30866,-72.19871194
mp-19717,-7.66743749
mp-8689,-77.43819129
mp-756018,-70.93311355
mp-697030,-35.77765105
mp-4779,-387.3088147
mp-14628,-55.36351709
mp-12635,-22.38263989
mp-570276,-10.37633316
mp-3020,-40.6968195
mp-2322,-31.10323876
mp-11397,-22.68586597
mp-8994,-49.89207331
mp-569073,-19.7105139
mp-4842,-64.78201776
mp-11270,-69.5669912
mp-5928,-31.73291938
mp-8200,-54.71038704
mp-19917,-39.0300005
mp-21012,-118.1657996
mp-20180,-41.51434808
mp-3833,-19.88615139
mp-9198,-54.37024354
mp-13092,-67.67651223
mp-22260,-87.34258916
mp-570287,-160.2024781
mp-2170,-11.51547075
mp-9295,-38.84468353
mp-1235,-18.44915074
mp-2517,-43.24343497
mp-976139,-7.41550544
mp-1335,-17.81020908
mp-2251,-15.52941228
mp-542136,-86.85059661
mp-685194,-331.2956321
mp-571126,-72.72355702
mp-13365,-19.10953286
mp-22919,-4.73342453
mp-985806,-12.12455702
mp-9586,-51.62670666
mp-758859,-60.98134421
mp-1590,-55.17937823
mp-20787,-62.95123301
mp-20485,-29.04299928
mp-550893,-30.27233967
mp-564,-18.1077326
mp-625054,-52.48895929
mp-779545,-49.01880368
mp-570923,-128.0407427
mp-13313,-20.69798389
mp-862658,-14.34525777
mp-28897,-86.1916946
mp-7483,-16.78888341
mp-2340,-50.52485938
mp-606949,-110.6211048
mp-554107,-308.6965577
mp-23711,-35.63558746
mp-23431,-34.78113509
mp-998981,-20.62439605
mp-3274,-33.93155615
mp-650,-25.76833977
mp-24728,-16.47910607
mp-7574,-45.24105473
mp-569125,-7.54643547
mp-9124,-9.40669445
mp-13032,-8.55720446
mp-11272,-76.91424098
mp-5244,-57.9227828
mp-10675,-40.49687341
mp-2173,-196.6679022
mp-9350,-32.79338964
mp-9025,-35.29622688
mp-11869,-21.30515131
mp-704645,-20.4904565
mp-32679,-173.7239116
mp-10706,-47.23188876
mp-810,-20.90106458
mp-20932,-95.20870302
mp-20197,-64.16742067
mp-1664,-65.92518137
mp-493,-42.92855577
mp-865798,-31.37345218
mp-862316,-20.52231687
mp-14069,-49.12418672
mp-775001,-88.84487747
mp-510625,-54.8289095
mp-9957,-67.91124516
mp-31451,-20.80899668
mp-10000,-54.27093164
mp-20351,-8.57657251
mp-776460,-131.7654854
mp-642659,-87.90050726
mp-82,-4.71745604
mp-1105,-17.39547494
mp-542854,-86.09455337
mp-985825,-15.69586945
mp-13963,-41.37003775
mp-6972,-29.97607527
mp-23268,-5.38681822
mp-8277,-17.30387788
mp-2827,-41.84141417
mp-865130,-40.24469236
mp-19770,-67.4927644
mp-22722,-91.06857559
mp-754318,-61.20978206
mp-1249,-31.97495758
mp-1982,-298.3318214
mp-20191,-151.5512931
mp-22253,-27.24474962
mp-867144,-5.87667745
mp-30884,-46.92914918
mp-10669,-25.77108764
mp-7804,-48.12414921
mp-738,-46.89140646
mp-27834,-28.90299389
mp-21306,-91.47413304
mp-20426,-42.60894079
mp-607475,-65.95801809
mp-972954,-7.16365422
mp-603,-20.46519509
mp-1842,-23.05235153
mp-11256,-11.22255138
mp-10435,-26.70525374
mp-20928,-36.58763402
mp-19,-9.42990279
mp-4852,-36.8485881
mp-819,-59.13018635
mp-557373,-40.89058341
mp-13311,-11.46925415
mp-31219,-164.9273706
mp-929,-47.39702675
mp-5839,-96.18690566
mp-266,-23.7393529
mp-19183,-23.68627356
mp-10440,-75.4328804
mp-753016,-67.71546376
mp-1251,-17.16930983
mp-363,-61.13231537
mp-676058,-65.79666122
mp-1424,-42.90096408
mp-556415,-106.2262432
mp-2059,-32.19304673
mp-20086,-33.47454866
mp-15686,-29.30317075
mp-305,-17.20663407
mp-566278,-120.1659787
mp-29736,-33.66076413
mp-4499,-43.55234031
mp-11278,-55.85517981
mp-10092,-30.87294097
mp-29638,-56.44926614
mp-752504,-168.4286267
mp-869,-24.36731399
mp-570197,-13.59708859
mp-973374,-10.56314551
mp-13090,-38.42445872
mp-22905,-7.37634437
mp-17862,-128.9862833
mp-3567,-20.33657342
mp-755166,-83.92702861
mp-569989,-123.3174607
mp-7435,-21.49193791
mp-864670,-45.35526106
mp-645159,-124.8038245
mp-3702,-25.42066364
mp-9173,-106.9781801
mp-7080,-55.97620113
mp-568974,-19.79596772
mp-786,-25.09578804
mp-864639,-46.29345301
mp-16334,-39.55346051
mp-19963,-29.92336309
mp-10183,-12.79117238
mp-770618,-67.47216056
mp-504741,-163.8593743
mp-3464,-33.89951475
mp-443,-21.36638377
mp-18766,-87.11712334
mp-10281,-28.06317273
mp-977059,-29.50532791
mp-10189,-19.39839502
mp-13033,-6.49330403
mp-18949,-86.08184594
mp-30595,-24.22772926
mp-5971,-87.87996329
mp-1039,-12.98970599
mp-754513,-88.23291926
mp-22390,-138.3331798
mp-21469,-27.67865458
mp-22598,-226.1703787
mp-20325,-38.38479115
mp-567276,-60.6616333
mp-754490,-62.86742966
mp-19102,-44.20648078
mp-3397,-210.2836605
mp-754001,-42.9271784
mp-782,-12.4691577
mp-5473,-41.36053979
mp-568901,-109.4540898
mp-31383,-76.88401612
mp-11252,-16.04175658
mp-23350,-30.16065583
mp-20599,-26.44022088
mp-8843,-58.20338333
mp-9570,-17.49353778
mp-866155,-33.25177736
mp-28145,-28.72367138
mp-776331,-117.6267033
mp-10894,-30.3711231
mp-1008557,-30.92893453
mp-776083,-83.45009739
mp-19050,-191.150985
mp-573697,-6.63983494
mp-568607,-62.05798959
mp-510281,-48.23919279
mp-10063,-26.6756559
mp-582360,-290.5802722
mp-1482,-61.87818729
mp-761556,-36.83284471
mp-30563,-63.27148646
mp-546552,-25.78095176
mp-22469,-40.69302494
mp-22120,-40.21187232
mp-10054,-15.35301548
mp-20318,-52.38837127
mp-755115,-87.73521583
mp-23231,-5.12952725
mp-4043,-40.50198596
mp-540925,-128.7860214
mp-14088,-37.46460624
mp-11809,-33.33585695
mp-4248,-33.37754386
mp-755939,-96.81373671
mp-9566,-16.90500282
mp-20315,-60.88904256
mp-754567,-15.99631062
mp-317,-49.19644257
mp-569639,-6.24516845
mp-1008920,-22.54838707
mp-766486,-32.72017752
mp-3390,-28.4998108
mp-850062,-98.12689282
mp-557862,-70.68345215
mp-30821,-19.59594789
mp-20662,-47.02850328
mp-522,-7.46908845
mp-755313,-90.19553691
mp-690785,-32.19604754
mp-135,-1.90379596
mp-468,-47.15082614
mp-4878,-39.53135918
mp-3098,-52.07078544
mp-569794,-355.5222867
mp-556927,-58.45213919
mp-12608,-46.94656449
mp-1437,-6.66719815
mp-1498,-272.4046517
mp-14587,-93.36496409
mp-2659,-27.4440428
mp-27677,-33.14557425
mp-4573,-13.70122801
mp-13155,-23.0970583
mp-2363,-64.32233909
mp-1907,-16.27253071
mp-867133,-69.13028121
mp-351,-48.81939111
mp-29889,-23.10629722
mp-570670,-119.23724
mp-16548,-54.78740559
mp-30461,-38.27278994
mp-214,-19.10770361
mp-30886,-23.99917321
mp-12086,-18.92369304
mp-568803,-205.4488778
mp-23295,-6.70479025
mp-3315,-93.40779264
mp-1281,-18.93484131
mp-27827,-37.17302893
mp-3104,-64.233377
mp-1840,-214.8936507
mp-21907,-43.92705031
mp-20012,-7.08608429
mp-9960,-33.43730284
mp-27243,-22.79719593
mp-976256,-7.43666559
mp-752958,-86.33441865
mp-754900,-90.60023521
mp-4820,-104.7388043
mp-569151,-36.7980876
mp-4593,-41.41806536
mp-13156,-26.03994321
mp-788,-20.76175957
mp-560902,-38.59589414
mp-2685,-5.82295781
mp-2481,-30.62405648
mp-997031,-44.08621987
mp-29111,-116.9440266
mp-19407,-92.71472203
mp-755483,-36.95177669
mp-867700,-48.04048379
mp-10311,-48.47825629
mp-18695,-134.331929
mp-15297,-78.22773961
mp-20586,-30.48197507
mp-643370,-29.67765719
mp-14142,-71.8017766
mp-2879,-126.6865317
mp-13108,-43.32984267
mp-11282,-85.39092774
mp-112,-12.92584295
mp-570491,-30.64129153
mp-873,-25.60573197
mp-20199,-94.63342991
mp-2313,-4.50516405
mp-7375,-38.27619209
mp-541837,-20.19889284
mp-5259,-64.71035335
mp-19448,-104.5058313
mp-752947,-22.84683084
mp-18849,-73.76150092
mp-20001,-57.33266647
mp-10052,-28.73389852
mp-7650,-55.67445422
mp-999473,-8.20574641
mp-27839,-37.18256115
mp-30851,-123.1299011
mp-12546,-41.13222399
mp-505824,-25.20148444
mp-27731,-18.17660152
mp-29011,-52.94427588
mp-30242,-62.70891309
mp-3138,-72.28531458
mp-12595,-37.15622202
mp-18712,-69.97359469
mp-7430,-14.38827148
mp-550306,-64.64726126
mp-761842,-110.157586
mp-1473,-136.8469877
mp-9166,-29.87153218
mp-7631,-90.36667354
mp-754134,-117.6306394
mp-1475,-57.36663415
mp-971706,-23.99159543
mp-1749,-17.95966864
mp-1569,-17.40134609
mp-4500,-109.2013221
mp-754624,-74.15862417
mp-8982,-65.51790838
mp-29556,-37.13906266
mp-19219,-100.3529613
mp-13314,-18.66409116
mp-10322,-67.83036428
mp-507,-36.98297344
mp-15669,-41.28799725
mp-4656,-75.93444174
mp-12107,-29.48517859
mp-756513,-78.11120184
mp-9744,-14.54883164
mp-548,-58.97687305
mp-1266,-9.32646397
mp-973364,-6.34780932
mp-20147,-103.6124508
mp-10877,-51.77023981
mp-771970,-81.21125959
mp-11327,-8.60683783
mp-11231,-19.4028848
mp-19003,-117.5583157
mp-755359,-69.84850455
mp-776164,-61.70522686
mp-20563,-28.48184361
mp-37614,-189.5732913
mp-921,-46.77992505
mp-19086,-72.35210445
mp-10140,-29.81516947
mp-690760,-24.01996707
mp-610972,-59.51734852
mp-30,-4.09920667
mp-554689,-54.92843145
mp-641526,-131.9499235
mp-6980,-23.83208382
mp-21104,-129.7116413
mp-567842,-58.52358653
mp-1677,-77.13689567
mp-635,-30.85275825
mp-19728,-89.65113595
mp-754671,-34.36788498
mp-4661,-97.69030458
mp-30405,-13.22578679
mp-28711,-98.1477218
mp-1006226,-39.49145419
mp-22956,-24.41950125
mp-22700,-46.32826601
mp-3953,-74.91432647
mp-23034,-42.33193683
mp-553875,-46.06370015
mp-12772,-48.89663379
mp-567889,-36.79630536
mp-11557,-129.0639567
mp-9158,-20.33237719
mp-676828,-40.03906509
mp-11513,-28.57855173
mp-850194,-73.66267864
mp-10919,-26.79984043
mp-20905,-82.2826362
mp-3635,-112.2487263
mp-90,-19.30609494
mp-684709,-230.0760428
mp-136,-16.74429473
mp-567681,-64.40410495
mp-17639,-39.08507151
mp-864940,-19.44920571
mp-35539,-24.69233067
mp-7583,-31.14162541
mp-757044,-77.66322577
mp-504552,-297.8911873
mp-13948,-54.34560061
mp-22227,-99.8147663
mp-754633,-83.96761247
mp-569785,-18.67475259
mp-11806,-16.25368711
mp-569886,-38.69159503
mp-510437,-20.92731122
mp-756589,-180.1897033
mp-15803,-80.85642736
mp-2294,-45.46752724
mp-20551,-23.53869363
mp-646824,-62.49736525
mp-784631,-21.26867678
mp-567191,-61.67628401
mp-2657,-53.62131913
mp-7875,-17.64866644
mp-11113,-35.54220491
mp-7707,-35.0695322
mp-32311,-337.8104031
mp-19842,-25.94947056
mp-1278,-49.70100783
mp-2301,-92.92277809
mp-1356,-57.9669514
mp-30501,-16.92267331
mp-22769,-64.24485825
mp-12773,-43.58819069
mp-754538,-17.62256407
mp-569167,-71.82622002
mp-862868,-19.53199767
mp-7434,-19.97376847
mp-553946,-34.50292597
mp-2780,-40.56090554
mp-1145,-24.42040046
mp-30363,-10.68798345
mp-32669,-19.90280487
mp-862657,-17.55914708
mp-7350,-57.99630077
mp-7187,-25.69356942
mp-504580,-66.49324406
mp-30599,-28.46004688
mp-20528,-38.42674609
mp-10402,-48.83901821
mp-22150,-71.56608406
mp-8001,-26.44491869
mp-865939,-5.26270421
mp-22546,-80.2158067
mp-568912,-56.8879835
mp-7544,-78.20638991
mp-549,-12.33121141
mp-11565,-45.04142124
mp-7486,-41.43692398
mp-10711,-64.16011253
mp-755587,-90.04430344
mp-1361,-134.8473871
mp-752764,-57.76072838
mp-316,-18.81383999
mp-778044,-67.06981587
mp-5938,-32.75666547
mp-1282,-19.13191517
mp-8642,-12.38177043
mp-21342,-63.04343383
mp-54,-14.21663559
mp-1782,-13.00615437
mp-22870,-11.46348511
mp-8231,-49.81456349
mp-672299,-49.52430451
mp-4064,-28.64930527
mp-29009,-22.66254023
mp-20840,-27.87126221
mp-30817,-17.14162541
mp-7908,-24.56765216
mp-17413,-133.430073
mp-697179,-25.53108536
mp-1078,-19.22361065
mp-13154,-68.82779839
mp-27678,-55.4515419
mp-866224,-21.90011127
mp-976262,-10.71691564
mp-21027,-32.65814727
mp-672340,-17.27562415
mp-10154,-22.74189212
mp-3173,-12.33105355
mp-16238,-12.60216885
mp-11281,-68.86908869
mp-4897,-24.21330223
mp-570150,-74.06194177
mp-1692,-20.49151512
mp-9262,-38.72726572
mp-569849,-109.584336
mp-1275,-78.44059285
mp-656887,-68.17700909
mp-22275,-79.06085569
mp-12908,-20.51362502
mp-567164,-29.5992487
mp-21418,-20.24324413
mp-14024,-72.16685829
mp-35785,-84.14307912
mp-2280,-45.25522758
mp-560865,-26.15266829
mp-1336,-22.04094958
mp-20545,-35.02829903
mp-102,-7.0922038
mp-22304,-24.41118177
mp-12696,-46.00146585
mp-1491,-24.65921071
mp-22925,-4.91777993
mp-1159,-51.93951017
mp-19809,-89.88186387
mp-124,-2.82894684
mp-10463,-86.1549903
mp-764949,-45.77174844
mp-29896,-54.9552489
mp-24084,-4.88001453
mp-19856,-22.45024704
mp-16860,-102.8315383
mp-30811,-36.61730875
mp-625055,-52.10206624
mp-2598,-77.26862296
mp-22391,-85.31173333
mp-10196,-34.46147576
mp-11277,-26.20201601
mp-4541,-19.33123055
mp-7632,-71.14036171
mp-9768,-37.19522669
mp-12467,-60.59922304
mp-866171,-17.73618788
mp-3924,-62.55535775
mp-755302,-53.98490263
mp-22784,-20.25741341
mp-6908,-30.63055205
mp-7857,-64.95595423
mp-7482,-16.79459064
mp-1472,-24.86854597
mp-12317,-31.02125069
mp-31457,-23.65164863
mp-8041,-9.07771747
mp-29135,-74.28408707
mp-32994,-75.39218873
mp-7189,-43.01400248
mp-9172,-113.8858607
mp-7851,-102.412672
mp-19133,-100.0830385
mp-22617,-73.25321946
mp-567197,-32.48455395
mp-675580,-204.6966219
mp-2168,-16.68267579
mp-11263,-60.61041553
mp-601285,-24.93130019
mp-11345,-66.8367723
mp-12177,-75.03295691
mp-571160,-21.89835036
mp-3970,-50.67791888
mp-570698,-30.26704902
mp-7916,-45.90510677
mp-2949,-25.54533969
mp-12070,-17.30066351
mp-862779,-85.0623029
mp-9563,-57.86896087
mp-8278,-20.60087301
mp-12760,-68.97116608
mp-3862,-20.49125086
mp-113,-20.72123982
mp-7066,-76.75441882
mp-975906,-13.46608304
mp-569458,-143.6209765
mp-11029,-56.8764806
mp-22716,-33.2807861
mp-8093,-5.47420027
mp-12752,-48.64181917
mp-12571,-42.1713316
mp-755759,-113.6246243
mp-29352,-35.49236833
mp-20974,-91.90854423
mp-1019,-38.55768325
mp-998,-24.17392485
mp-2743,-7.92999554
mp-288,-22.0375486
mp-20144,-108.8730655
mp-331,-10.97065225
mp-4697,-77.42720218
mp-865594,-28.1654094
mp-2772,-70.60925199
mp-544,-69.6600606
mp-556424,-27.8929356
mp-864798,-31.86712528
mp-13725,-100.4236684
mp-753826,-49.1617905
mp-755769,-113.4207322
mp-569875,-38.87070827
mp-20066,-92.23628692
mp-12614,-33.77692626
mp-7443,-48.00341577
mp-4909,-46.07751602
mp-9923,-43.48892364
mp-755328,-35.69279712
mp-18767,-52.9409616
mp-570436,-42.20350294
mp-3909,-28.59339411
mp-570691,-28.74210178
mp-22320,-12.90401786
mp-20536,-34.00424378
mp-11533,-35.40969908
mp-30062,-27.1913949
mp-510347,-84.21719061
mp-15687,-8.43391386
mp-22315,-134.3397793
mp-11073,-50.34519462
mp-31187,-30.39216042
mp-1823,-57.09735874
mp-752456,-61.3907926
mp-775296,-96.07374024
mp-672371,-44.12343853
mp-10374,-44.96692724
mp-972088,-27.39991296
mp-37473,-58.42585843
mp-20344,-30.43138699
mp-3654,-25.9269422
mp-22865,-6.54430243
mp-754333,-35.41540898
mp-22987,-26.60161376
mp-5042,-42.21872268
mp-11350,-54.47167863
mp-29076,-76.29983005
mp-1211,-7.83568378
mp-643002,-37.70619094
mp-10797,-42.33892565
mp-21422,-47.45206897
mp-18778,-351.1389019
mp-643101,-31.81885893
mp-153,-3.18169033
mp-779517,-98.83891716
mp-669546,-139.549208
mp-22040,-114.4404308
mp-20279,-22.58874636
mp-11192,-72.421942
mp-570483,-131.8724458
mp-1139,-64.69621378
mp-696497,-146.9075989
mp-672,-12.64802758
mp-2540,-20.18892397
mp-505215,-38.28531852
mp-755629,-68.72825576
mp-22434,-107.8468038
mp-11471,-7.49292936
mp-755657,-86.1266496
mp-862871,-21.72909307
mp-505206,-254.9070699
mp-4613,-66.93156159
mp-29678,-15.882559
mp-11482,-77.45417496
mp-1279,-67.61531093
mp-23736,-29.96138004
mp-11572,-23.21331621
mp-756381,-37.29806883
mp-549706,-23.63938882
mp-4163,-187.5531617
mp-27848,-42.4171368
mp-1696,-6.92293807
mp-30769,-51.93592261
mp-463,-8.43171896
mp-7173,-20.04311577
mp-3519,-99.93747909
mp-38035,-74.1698157
mp-755453,-129.0988179
mp-755596,-48.81280365
mp-12952,-35.58901185
mp-160,-80.1526877
mp-3623,-28.60095026
mp-2634,-20.57319827
mp-2065,-28.80013469
mp-30685,-19.55663758
mp-20211,-34.10966498
mp-4230,-33.69065352
mp-30768,-58.65563047
mp-452,-89.22020355
mp-18337,-266.0754568
mp-11537,-34.98343902
mp-570199,-54.5210231
mp-752955,-34.68644272
mp-4359,-35.71258026
mp-7904,-45.77316622
mp-752939,-35.87302339
mp-8938,-69.31510082
mp-5910,-24.4744042
mp-754364,-55.45818074
mp-643257,-22.98646181
mp-862360,-30.51235024
mp-31172,-41.59508219
mp-10457,-93.73518376
mp-10390,-136.6190239
mp-542018,-116.9182582
mp-3791,-26.19740687
mp-755875,-62.65901435
mp-16613,-48.87996936
mp-5129,-35.69064366
mp-21215,-8.92246151
mp-11870,-7.96030372
mp-26025,-326.0863118
mp-864889,-26.97194841
mp-661,-29.7797004
mp-5538,-24.31693464
mp-2395,-85.34191756
mp-29481,-34.41324504
mp-10550,-24.85042208
mp-569331,-78.71833458
mp-9595,-91.28970722
mp-219,-17.57021422
mp-815,-21.52533378
mp-7426,-18.50688412
mp-763,-15.34957689
mp-571619,-137.407349
mp-557993,-67.1649948
mp-27743,-23.91348879
mp-753738,-86.31317882
mp-22867,-6.14063053
mp-999142,-21.27789594
mp-22396,-107.5454724
mp-1775,-15.3040658
mp-510409,-86.54453326
mp-2731,-18.47402953
mp-432,-19.73230978
mp-10270,-38.35878715
mp-5443,-70.18215009
mp-9835,-31.74145196
mp-541014,-37.30982561
mp-703260,-82.5539352
mp-19097,-74.05617341
mp-18316,-79.60071115
mp-12622,-59.7314383
mp-2856,-82.00409541
mp-19390,-30.03565964
mp-542488,-104.3981442
mp-891,-61.25719033
mp-754553,-79.3517151
mp-20940,-139.191397
mp-12675,-12.45856509
mp-30485,-15.50834856
mp-22568,-61.95244347
mp-12558,-10.31882468
mp-30648,-8.64085388
mp-4448,-34.46326588
mp-1047,-53.13312546
mp-30820,-16.89079915
mp-570074,-137.5204613
mp-28024,-104.74207
mp-23052,-45.05866713
mp-773064,-85.25410957
mp-972845,-16.87012826
mp-776250,-97.0692945
mp-2894,-15.89841644
mp-30338,-23.88511418
mp-10746,-44.65912476
mp-3136,-38.22827075
mp-10139,-32.72898362
mp-973455,-10.45716705
mp-567397,-105.415403
mp-13010,-32.63182611
mp-760375,-40.23005571
mp-27831,-39.12436215
mp-975065,-37.27807494
mp-628,-49.95120762
mp-16719,-57.41286168
mp-505554,-149.5905316
mp-562561,-55.94197958
mp-31337,-20.032838
mp-12109,-138.0570805
mp-700,-33.80248793
mp-760439,-113.4008189
mp-22565,-90.96532693
mp-12104,-67.79900716
mp-2105,-89.42892006
mp-755300,-53.24163706
mp-1487,-10.84053015
mp-9987,-75.68063817
mp-761315,-70.12032484
mp-1120,-83.54743211
mp-2472,-12.10463579
mp-754588,-89.66068368
mp-601848,-129.6154774
mp-864953,-37.72969218
mp-5529,-32.87513342
mp-5532,-52.427809
mp-1555,-64.48303092
mp-756808,-90.32276027
mp-570112,-95.52400744
mp-11250,-280.8377213
mp-9486,-41.34248897
mp-570896,-20.55694055
mp-567750,-104.2058144
mp-8601,-93.76158534
mp-22934,-25.03862073
mp-510346,-77.32998724
mp-30682,-51.31446948
mp-669692,-164.0598635
mp-11460,-21.28375347
mp-1114,-32.25403091
mp-30847,-20.45294599
mp-23313,-13.28804789
mp-16764,-38.59742318
mp-28376,-25.46473282
mp-10749,-24.04897054
mp-733,-58.12825551
mp-571247,-93.46687211
mp-10055,-54.60155193
mp-11481,-40.68498955
mp-7140,-30.10790628
mp-18988,-148.7016817
mp-4366,-27.43899859
mp-864920,-19.1256826
mp-2677,-25.29444926
mp-567220,-66.7718234
mp-29752,-47.74273893
mp-4192,-97.9232117
mp-19241,-54.08140503
mp-10850,-54.2830092
mp-1232,-78.11615432
mp-8044,-71.10665857
mp-7948,-73.87598332
mp-12550,-22.77752778
mp-215,-12.91374592
mp-30494,-19.91104836
mp-4636,-29.84983495
mp-554601,-21.07370986
mp-20897,-155.7547687
mp-556194,-46.51360583
mp-4992,-71.61908218
mp-505540,-90.19124539
mp-8282,-56.15957572
mp-22749,-129.4705918
mp-9577,-27.30492589
mp-625487,-23.58534082
mp-13920,-29.0738995
mp-230,-145.3071821
mp-864952,-16.21655838
mp-567629,-64.37966614
mp-676,-106.196152
mp-20618,-138.1325601
mp-22608,-147.4164358
mp-18759,-107.7575092
mp-542429,-81.46113793
mp-22922,-5.53483498
mp-3155,-67.85556155
mp-999198,-37.01722136
mp-570198,-16.96320943
mp-3536,-99.51089369
mp-16733,-54.11854285
mp-429,-7.54934876
mp-7576,-62.61407743
mp-15695,-83.27051107
mp-558781,-114.3070663
mp-171,-27.39289093
mp-12360,-13.51409232
mp-567412,-101.0430283
mp-570784,-144.9972848
mp-1543,-32.67505729
mp-820,-4.21106349
mp-7557,-133.1776042
mp-30819,-18.77901983
mp-7188,-20.40479948
mp-2857,-18.49312991
mp-2697,-17.27170291
mp-16648,-54.84521855
mp-978508,-26.41716531
mp-3216,-34.62111945
mp-9902,-69.66599366
mp-24093,-14.43122783
mp-1935,-21.34200117
mp-38970,-34.18131682
mp-20674,-80.7708035
mp-867840,-28.24286729
mp-23037,-17.71676096
mp-333,-55.05158871
mp-1550,-10.37746835
mp-5396,-27.89401714
mp-7596,-113.0697569
mp-2078,-24.53127913
mp-75,-10.10130504
mp-11693,-19.80946866
mp-2619,-24.8287816
mp-691,-33.43850004
mp-19391,-106.4436993
mp-21385,-20.5687398
mp-19940,-58.9441776
mp-399,-13.54851472
mp-1490,-71.58325653
mp-753946,-20.31914177
mp-754072,-86.3777032
mp-886,-60.368049
mp-4342,-38.26552385
mp-10037,-35.41537611
mp-23477,-132.7870329
mp-20401,-53.60017739
mp-2663,-75.80228808
mp-4771,-21.05854786
mp-569298,-28.48911763
mp-9988,-73.20869059
mp-21340,-93.43520436
mp-1399,-31.2299241
mp-37091,-27.59602489
mp-569775,-21.64179355
mp-9549,-63.26912698
mp-30683,-32.6096157
mp-866161,-65.39319864
mp-27691,-27.07031092
mp-11328,-49.83197421
mp-640041,-62.08788102
mp-7473,-16.43326033
mp-505110,-45.48021784
mp-7006,-40.45038234
mp-571059,-10.32601714
mp-13164,-22.31885948
mp-2311,-56.80159474
mp-21090,-40.5038869
mp-1342,-11.82719219
mp-22717,-30.28757015
mp-8446,-26.09224349
mp-755390,-96.21455222
mp-1471,-30.57269021
mp-636334,-79.30444478
mp-140,-2.99886331
mp-866152,-27.58525941
mp-569364,-192.3904416
mp-13503,-39.55673608
mp-559,-25.45351326
mp-23219,-8.29652563
mp-551918,-65.84168851
mp-1953,-12.45495691
mp-2327,-58.28922282
